"Estacion","Muestra","Epoca","Fecha","Latitud","Longitud","Altitud","Temperatura","OxDisuelto","pH","Area","Profundidad","Velocidad","Conductividad","Turbidez","Familia","Individuos"
"Fri4",1,"Lluvia",NA,4.89305555555556,-74.0493611111111,2563,14.1,3.76,6.66,86.4,62.4,0.68,71.7,17.12,"Aeshnidae",1
"Fri4",1,"Lluvia",NA,4.89305555555556,-74.0493611111111,2563,14.1,3.76,6.66,86.4,62.4,0.68,71.7,17.12,"Chironomidae",13
"Fri4",1,"Lluvia",NA,4.89305555555556,-74.0493611111111,2563,14.1,3.76,6.66,86.4,62.4,0.68,71.7,17.12,"Glossiphoniidae",12
"Fri4",1,"Lluvia",NA,4.89305555555556,-74.0493611111111,2563,14.1,3.76,6.66,86.4,62.4,0.68,71.7,17.12,"Hyalellidae",130
"Fri4",1,"Lluvia",NA,4.89305555555556,-74.0493611111111,2563,14.1,3.76,6.66,86.4,62.4,0.68,71.7,17.12,"Physidae",8
"Fri4",2,"Lluvia",NA,4.89305555555556,-74.0493611111111,2563,14.9,5.3,7.2,86.4,62.4,0.68,92,14,"Aeshnidae",2
"Fri4",2,"Lluvia",NA,4.89305555555556,-74.0493611111111,2563,14.9,5.3,7.2,86.4,62.4,0.68,92,14,"Coenagrionidae",1
"Fri4",2,"Lluvia",NA,4.89305555555556,-74.0493611111111,2563,14.9,5.3,7.2,86.4,62.4,0.68,92,14,"Corixidae",17
"Fri4",2,"Lluvia",NA,4.89305555555556,-74.0493611111111,2563,14.9,5.3,7.2,86.4,62.4,0.68,92,14,"Gerridae",2
"Fri4",2,"Lluvia",NA,4.89305555555556,-74.0493611111111,2563,14.9,5.3,7.2,86.4,62.4,0.68,92,14,"Hyalellidae",1
"Fri4",2,"Lluvia",NA,4.89305555555556,-74.0493611111111,2563,14.9,5.3,7.2,86.4,62.4,0.68,92,14,"Naididae",1
"Fri4",2,"Lluvia",NA,4.89305555555556,-74.0493611111111,2563,14.9,5.3,7.2,86.4,62.4,0.68,92,14,"Notonectidae",6
"Fri4",2,"Lluvia",NA,4.89305555555556,-74.0493611111111,2563,14.9,5.3,7.2,86.4,62.4,0.68,92,14,"Physidae",57
"Fri4",2,"Lluvia",NA,4.89305555555556,-74.0493611111111,2563,14.9,5.3,7.2,86.4,62.4,0.68,92,14,"Planariidae",4
"Fri4",2,"Lluvia",NA,4.89305555555556,-74.0493611111111,2563,14.9,5.3,7.2,86.4,62.4,0.68,92,14,"Sphaeriidae",3
"Fri4",3,"Lluvia",NA,4.89305555555556,-74.0493611111111,2563,16.5,6.65,6.2,86.4,62.4,0.68,81.85,10.1,"Aeshnidae",2
"Fri4",3,"Lluvia",NA,4.89305555555556,-74.0493611111111,2563,16.5,6.65,6.2,86.4,62.4,0.68,81.85,10.1,"Corixidae",4
"Fri4",3,"Lluvia",NA,4.89305555555556,-74.0493611111111,2563,16.5,6.65,6.2,86.4,62.4,0.68,81.85,10.1,"Gerridae",11
"Fri4",3,"Lluvia",NA,4.89305555555556,-74.0493611111111,2563,16.5,6.65,6.2,86.4,62.4,0.68,81.85,10.1,"Notonectidae",1
"Fri4",3,"Lluvia",NA,4.89305555555556,-74.0493611111111,2563,16.5,6.65,6.2,86.4,62.4,0.68,81.85,10.1,"Physidae",10
"Fri4",4,"Seca",NA,4.89305555555556,-74.0493611111111,2563,14.1,3.76,6.66,28.3,48.1,0.12,71.1,17.2,"Aeshnidae",5
"Fri4",4,"Seca",NA,4.89305555555556,-74.0493611111111,2563,14.1,3.76,6.66,28.3,48.1,0.12,71.1,17.2,"Chironomidae",1
"Fri4",4,"Seca",NA,4.89305555555556,-74.0493611111111,2563,14.1,3.76,6.66,28.3,48.1,0.12,71.1,17.2,"Coenagrionidae",1
"Fri4",4,"Seca",NA,4.89305555555556,-74.0493611111111,2563,14.1,3.76,6.66,28.3,48.1,0.12,71.1,17.2,"Corixidae",3
"Fri4",4,"Seca",NA,4.89305555555556,-74.0493611111111,2563,14.1,3.76,6.66,28.3,48.1,0.12,71.1,17.2,"Hyalellidae",119
"Fri4",4,"Seca",NA,4.89305555555556,-74.0493611111111,2563,14.1,3.76,6.66,28.3,48.1,0.12,71.1,17.2,"Notonectidae",6
"Fri4",4,"Seca",NA,4.89305555555556,-74.0493611111111,2563,14.1,3.76,6.66,28.3,48.1,0.12,71.1,17.2,"Physidae",6
"Fri4",4,"Seca",NA,4.89305555555556,-74.0493611111111,2563,14.1,3.76,6.66,67.3,53.4,0.48,71.1,17.2,"Sphaeriidae",1
"Fri4",5,"Seca",NA,4.89305555555556,-74.0493611111111,2563,17.3,3.2,6.92,67.3,53.4,0.48,71,23.34,"Chironomidae",13
"Fri4",5,"Seca",NA,4.89305555555556,-74.0493611111111,2563,17.3,3.2,6.92,67.3,53.4,0.48,71,23.34,"Coenagrionidae",1
"Fri4",5,"Seca",NA,4.89305555555556,-74.0493611111111,2563,17.3,3.2,6.92,67.3,53.4,0.48,71,23.34,"Corixidae",5
"Fri4",5,"Seca",NA,4.89305555555556,-74.0493611111111,2563,17.3,3.2,6.92,67.3,53.4,0.48,71,23.34,"Glossiphoniidae",4
"Fri4",5,"Seca",NA,4.89305555555556,-74.0493611111111,2563,17.3,3.2,6.92,67.3,53.4,0.48,71,23.34,"Hyalellidae",15
"Fri4",5,"Seca",NA,4.89305555555556,-74.0493611111111,2563,17.3,3.2,6.92,67.3,53.4,0.48,71,23.34,"Naididae",1
"Fri4",5,"Seca",NA,4.89305555555556,-74.0493611111111,2563,17.3,3.2,6.92,67.3,53.4,0.48,71,23.34,"Notonectidae",4
"Fri4",5,"Seca",NA,4.89305555555556,-74.0493611111111,2563,17.3,3.2,6.92,67.3,53.4,0.48,71,23.34,"Physidae",27
"Fri4",5,"Seca",NA,4.89305555555556,-74.0493611111111,2563,17.3,3.2,6.92,67.3,53.4,0.48,71,23.34,"Planariidae",11
"Fri4",5,"Seca",NA,4.89305555555556,-74.0493611111111,2563,17.3,3.2,6.92,67.3,53.4,0.48,71,23.34,"Sphaeriidae",2
"Fri4",5,"Seca",NA,4.89305555555556,-74.0493611111111,2563,17.3,3.2,6.92,67.3,53.4,0.48,71,23.34,"Staphylinidae",1
"Fri4",6,"Seca",NA,4.89305555555556,-74.0493611111111,2563,19.2,3.95,6,67.3,53.4,0.48,86.6,47.76,"Aeshnidae",2
"Fri4",6,"Seca",NA,4.89305555555556,-74.0493611111111,2563,19.2,3.95,6,67.3,53.4,0.48,86.6,47.76,"Coenagrionidae",1
"Fri4",6,"Seca",NA,4.89305555555556,-74.0493611111111,2563,19.2,3.95,6,67.3,53.4,0.48,86.6,47.76,"Corixidae",10
"Fri4",6,"Seca",NA,4.89305555555556,-74.0493611111111,2563,19.2,3.95,6,67.3,53.4,0.48,86.6,47.76,"Gerridae",11
"Fri4",6,"Seca",NA,4.89305555555556,-74.0493611111111,2563,19.2,3.95,6,67.3,53.4,0.48,86.6,47.76,"Hyalellidae",14
"Fri4",6,"Seca",NA,4.89305555555556,-74.0493611111111,2563,19.2,3.95,6,67.3,53.4,0.48,86.6,47.76,"Notonectidae",11
"Fri4",6,"Seca",NA,4.89305555555556,-74.0493611111111,2563,19.2,3.95,6,67.3,53.4,0.48,86.6,47.76,"Physidae",35
"Fri4",6,"Seca",NA,4.89305555555556,-74.0493611111111,2563,19.2,3.95,6,67.3,53.4,0.48,86.6,47.76,"Planariidae",7
"Fri3",1,"Lluvia",NA,4.91085555555556,-74.0458388888889,2566,14.3,4.12,6.82,66.4,57.3,0.46,67.8,14.32,"Coenagrionidae",1
"Fri3",1,"Lluvia",NA,4.91085555555556,-74.0458388888889,2566,14.3,4.12,6.82,66.4,57.3,0.46,67.8,14.32,"Corixidae",2
"Fri3",1,"Lluvia",NA,4.91085555555556,-74.0458388888889,2566,14.3,4.12,6.82,66.4,57.3,0.46,67.8,14.32,"Gerridae",1
"Fri3",1,"Lluvia",NA,4.91085555555556,-74.0458388888889,2566,14.3,4.12,6.82,66.4,57.3,0.46,67.8,14.32,"Glossiphoniidae",3
"Fri3",1,"Lluvia",NA,4.91085555555556,-74.0458388888889,2566,14.3,4.12,6.82,66.4,57.3,0.46,67.8,14.32,"Hyalellidae",60
"Fri3",1,"Lluvia",NA,4.91085555555556,-74.0458388888889,2566,14.3,4.12,6.82,66.4,57.3,0.46,67.8,14.32,"Physidae",28
"Fri3",1,"Lluvia",NA,4.91085555555556,-74.0458388888889,2566,14.3,4.12,6.82,66.4,57.3,0.46,67.8,14.32,"Planariidae",1
"Fri3",1,"Lluvia",NA,4.91085555555556,-74.0458388888889,2566,14.3,4.12,6.82,66.4,57.3,0.46,67.8,14.32,"Planorbidae",2
"Fri3",2,"Lluvia",NA,4.91085555555556,-74.0458388888889,2566,16.2,5.03,8.07,67,41,0.56,87.8,22.98,"Corixidae",1
"Fri3",2,"Lluvia",NA,4.91085555555556,-74.0458388888889,2566,16.2,5.03,8.07,67,41,0.56,87.8,22.98,"Glossiphoniidae",4
"Fri3",2,"Lluvia",NA,4.91085555555556,-74.0458388888889,2566,16.2,5.03,8.07,67,41,0.56,87.8,22.98,"Hyalellidae",3
"Fri3",2,"Lluvia",NA,4.91085555555556,-74.0458388888889,2566,16.2,5.03,8.07,67,41,0.56,87.8,22.98,"Physidae",2
"Fri3",2,"Lluvia",NA,4.91085555555556,-74.0458388888889,2566,16.2,5.03,8.07,67,41,0.56,87.8,22.98,"Sphaeriidae",1
"Fri3",3,"Lluvia",NA,4.91085555555556,-74.0458388888889,2566,16.8,7.1,6.3,67,41,0.56,77.8,10.2,"Glossiphoniidae",5
"Fri3",3,"Lluvia",NA,4.91085555555556,-74.0458388888889,2566,16.8,7.1,6.3,67,41,0.56,77.8,10.2,"Hyalellidae",63
"Fri3",3,"Lluvia",NA,4.91085555555556,-74.0458388888889,2566,16.8,7.1,6.3,67,41,0.56,77.8,10.2,"Physidae",1
"Fri3",3,"Lluvia",NA,4.91085555555556,-74.0458388888889,2566,16.8,7.1,6.3,67,41,0.56,77.8,10.2,"Sphaeriidae",2
"Fri3",4,"Seca",NA,4.91085555555556,-74.0458388888889,2566,14.3,4.12,6.82,82.3,50.4,0.18,67.8,14.32,"Aeshnidae",3
"Fri3",4,"Seca",NA,4.91085555555556,-74.0458388888889,2566,14.3,4.12,6.82,82.3,50.4,0.18,67.8,14.32,"Chironomidae",2
"Fri3",4,"Seca",NA,4.91085555555556,-74.0458388888889,2566,14.3,4.12,6.82,82.3,50.4,0.18,67.8,14.32,"Corixidae",1
"Fri3",4,"Seca",NA,4.91085555555556,-74.0458388888889,2566,14.3,4.12,6.82,82.3,50.4,0.18,67.8,14.32,"Gerridae",1
"Fri3",4,"Seca",NA,4.91085555555556,-74.0458388888889,2566,14.3,4.12,6.82,82.3,50.4,0.18,67.8,14.32,"Glossiphoniidae",1
"Fri3",4,"Seca",NA,4.91085555555556,-74.0458388888889,2566,14.3,4.12,6.82,82.3,50.4,0.18,67.8,14.32,"Gyrinidae",1
"Fri3",4,"Seca",NA,4.91085555555556,-74.0458388888889,2566,14.3,4.12,6.82,82.3,50.4,0.18,67.8,14.32,"Hyalellidae",41
"Fri3",4,"Seca",NA,4.91085555555556,-74.0458388888889,2566,14.3,4.12,6.82,82.3,50.4,0.18,67.8,14.32,"Notonectidae",4
"Fri3",4,"Seca",NA,4.91085555555556,-74.0458388888889,2566,14.3,4.12,6.82,82.3,50.4,0.18,67.8,14.32,"Planariidae",12
"Fri3",5,"Seca",NA,4.91085555555556,-74.0458388888889,2566,21.37,3.53,7.3,82.3,50.4,0.18,60,36.4,"Glossiphoniidae",4
"Fri3",5,"Seca",NA,4.91085555555556,-74.0458388888889,2566,21.37,3.53,7.3,82.3,50.4,0.18,60,36.4,"Naididae",41
"Fri3",5,"Seca",NA,4.91085555555556,-74.0458388888889,2566,21.37,3.53,7.3,82.3,50.4,0.18,60,36.4,"Physidae",2
"Fri3",6,"Seca",NA,4.91085555555556,-74.0458388888889,2566,18.6,4.43,6,19.2,38.6,0.06,81.8,12.9,"Glossiphoniidae",6
"Fri3",6,"Seca",NA,4.91085555555556,-74.0458388888889,2566,18.6,4.43,6,19.2,38.6,0.06,81.8,12.9,"Naididae",1
"Fri3",6,"Seca",NA,4.91085555555556,-74.0458388888889,2566,18.6,4.43,6,19.2,38.6,0.06,81.8,12.9,"Physidae",4
"Fri3",6,"Seca",NA,4.91085555555556,-74.0458388888889,2566,18.6,4.43,6,19.2,38.6,0.06,81.8,12.9,"Sphaeriidae",2
"Fri2",1,"Lluvia",NA,4.92475,-74.0498611111111,2565,14.4,4.06,6.64,87.6,53.2,0.38,66.2,22.89,"Glossiphoniidae",1
"Fri2",1,"Lluvia",NA,4.92475,-74.0498611111111,2565,14.4,4.06,6.64,87.6,53.2,0.38,66.2,22.89,"Sphaeriidae",2
"Fri2",2,"Lluvia",NA,4.92475,-74.0498611111111,2565,14.6,5.52,7.53,87.6,53.2,0.38,79,5.52,"Baetidae",7
"Fri2",2,"Lluvia",NA,4.92475,-74.0498611111111,2565,14.6,5.52,7.53,87.6,53.2,0.38,79,5.52,"Corixidae",2
"Fri2",2,"Lluvia",NA,4.92475,-74.0498611111111,2565,14.6,5.52,7.53,87.6,53.2,0.38,79,5.52,"Gerridae",1
"Fri2",2,"Lluvia",NA,4.92475,-74.0498611111111,2565,14.6,5.52,7.53,87.6,53.2,0.38,79,5.52,"Hyalellidae",35
"Fri2",2,"Lluvia",NA,4.92475,-74.0498611111111,2565,14.6,5.52,7.53,87.6,53.2,0.38,79,5.52,"Lymnaeidae",2
"Fri2",2,"Lluvia",NA,4.92475,-74.0498611111111,2565,14.6,5.52,7.53,87.6,53.2,0.38,79,5.52,"Physidae",33
"Fri2",2,"Lluvia",NA,4.92475,-74.0498611111111,2565,14.6,5.52,7.53,87.6,53.2,0.38,79,5.52,"Planariidae",21
"Fri2",2,"Lluvia",NA,4.92475,-74.0498611111111,2565,14.6,5.52,7.53,87.6,53.2,0.38,79,5.52,"Sphaeriidae",5
"Fri2",3,"Lluvia",NA,4.92475,-74.0498611111111,2565,19.3,6.8,7.4,87.6,53.2,0.38,72.6,10.5,"Baetidae",2
"Fri2",3,"Lluvia",NA,4.92475,-74.0498611111111,2565,19.3,6.8,7.4,87.6,53.2,0.38,72.6,10.5,"Corixidae",1
"Fri2",3,"Lluvia",NA,4.92475,-74.0498611111111,2565,19.3,6.8,7.4,87.6,53.2,0.38,72.6,10.5,"Gerridae",4
"Fri2",3,"Lluvia",NA,4.92475,-74.0498611111111,2565,19.3,6.8,7.4,87.6,53.2,0.38,72.6,10.5,"Hyalellidae",4
"Fri2",3,"Lluvia",NA,4.92475,-74.0498611111111,2565,19.3,6.8,7.4,87.6,53.2,0.38,72.6,10.5,"Mesoveliidae",1
"Fri2",3,"Lluvia",NA,4.92475,-74.0498611111111,2565,19.3,6.8,7.4,87.6,53.2,0.38,72.6,10.5,"Physidae",24
"Fri2",3,"Lluvia",NA,4.92475,-74.0498611111111,2565,19.3,6.8,7.4,87.6,53.2,0.38,72.6,10.5,"Planariidae",1
"Fri2",3,"Lluvia",NA,4.92475,-74.0498611111111,2565,19.3,6.8,7.4,87.6,53.2,0.38,72.6,10.5,"Simuliidae",1
"Fri2",3,"Lluvia",NA,4.92475,-74.0498611111111,2565,19.3,6.8,7.4,87.6,53.2,0.38,72.6,10.5,"Tipulidae",4
"Fri2",4,"Seca",NA,4.92475,-74.0498611111111,2565,14.4,4.06,6.64,31.4,63.5,0.05,66.2,22.89,"Baetidae",2
"Fri2",4,"Seca",NA,4.92475,-74.0498611111111,2565,14.4,4.06,6.64,31.4,63.5,0.05,66.2,22.89,"Chironomidae",1
"Fri2",4,"Seca",NA,4.92475,-74.0498611111111,2565,14.4,4.06,6.64,31.4,63.5,0.05,66.2,22.89,"Glossiphoniidae",17
"Fri2",4,"Seca",NA,4.92475,-74.0498611111111,2565,14.4,4.06,6.64,31.4,63.5,0.05,66.2,22.89,"Hyalellidae",59
"Fri2",4,"Seca",NA,4.92475,-74.0498611111111,2565,14.4,4.06,6.64,31.4,63.5,0.05,66.2,22.89,"Hydrophilidae",1
"Fri2",4,"Seca",NA,4.92475,-74.0498611111111,2565,14.4,4.06,6.64,31.4,63.5,0.05,66.2,22.89,"Naididae",8
"Fri2",4,"Seca",NA,4.92475,-74.0498611111111,2565,14.4,4.06,6.64,31.4,63.5,0.05,66.2,22.89,"Physidae",6
"Fri2",4,"Seca",NA,4.92475,-74.0498611111111,2565,14.4,4.06,6.64,31.4,63.5,0.05,66.2,22.89,"Planariidae",1
"Fri2",4,"Seca",NA,4.92475,-74.0498611111111,2565,14.4,4.06,6.64,31.4,63.5,0.05,66.2,22.89,"Sphaeriidae",1
"Fri2",5,"Seca",NA,4.92475,-74.0498611111111,2565,15.12,5.31,7.66,42,47.6,0.1,66,5.91,"Chironomidae",4
"Fri2",5,"Seca",NA,4.92475,-74.0498611111111,2565,15.12,5.31,7.66,42,47.6,0.1,66,5.91,"Glossiphoniidae",3
"Fri2",5,"Seca",NA,4.92475,-74.0498611111111,2565,15.12,5.31,7.66,42,47.6,0.1,66,5.91,"Hyalellidae",52
"Fri2",5,"Seca",NA,4.92475,-74.0498611111111,2565,15.12,5.31,7.66,42,47.6,0.1,66,5.91,"Physidae",10
"Fri2",5,"Seca",NA,4.92475,-74.0498611111111,2565,15.12,5.31,7.66,42,47.6,0.1,66,5.91,"Planariidae",2
"Fri2",6,"Seca",NA,4.92475,-74.0498611111111,2565,17.3,4.18,6,68.4,53.4,0.2,75.5,14.5,"Corixidae",17
"Fri2",6,"Seca",NA,4.92475,-74.0498611111111,2565,17.3,4.18,6,68.4,53.4,0.2,75.5,14.5,"Glossiphoniidae",1
"Fri2",6,"Seca",NA,4.92475,-74.0498611111111,2565,17.3,4.18,6,68.4,53.4,0.2,75.5,14.5,"Gyrinidae",1
"Fri2",6,"Seca",NA,4.92475,-74.0498611111111,2565,17.3,4.18,6,68.4,53.4,0.2,75.5,14.5,"Hyalellidae",67
"Fri2",6,"Seca",NA,4.92475,-74.0498611111111,2565,17.3,4.18,6,68.4,53.4,0.2,75.5,14.5,"Physidae",13
"Fri2",6,"Seca",NA,4.92475,-74.0498611111111,2565,17.3,4.18,6,68.4,53.4,0.2,75.5,14.5,"Planariidae",29
"Fri1",1,"Lluvia",NA,4.92616666666667,-74.0682777777778,2572,14,3.92,6.42,101.2,53.8,0.27,64.1,16.43,"Glossiphoniidae",2
"Fri1",1,"Lluvia",NA,4.92616666666667,-74.0682777777778,2572,14,3.92,6.42,101.2,53.8,0.27,64.1,16.43,"Hyalellidae",51
"Fri1",1,"Lluvia",NA,4.92616666666667,-74.0682777777778,2572,14,3.92,6.42,101.2,53.8,0.27,64.1,16.43,"Philopotamidae",1
"Fri1",1,"Lluvia",NA,4.92616666666667,-74.0682777777778,2572,14,3.92,6.42,101.2,53.8,0.27,64.1,16.43,"Physidae",15
"Fri1",1,"Lluvia",NA,4.92616666666667,-74.0682777777778,2572,14,3.92,6.42,101.2,53.8,0.27,64.1,16.43,"Sphaeriidae",29
"Fri1",2,"Lluvia",NA,4.92616666666667,-74.0682777777778,2572,14.2,5.58,7.16,101.2,53.8,0.27,76,6.52,"Aeshnidae",1
"Fri1",2,"Lluvia",NA,4.92616666666667,-74.0682777777778,2572,14.2,5.58,7.16,101.2,53.8,0.27,76,6.52,"Chironomidae",1
"Fri1",2,"Lluvia",NA,4.92616666666667,-74.0682777777778,2572,14.2,5.58,7.16,101.2,53.8,0.27,76,6.52,"Hyalellidae",23
"Fri1",2,"Lluvia",NA,4.92616666666667,-74.0682777777778,2572,14.2,5.58,7.16,101.2,53.8,0.27,76,6.52,"Notonectidae",1
"Fri1",2,"Lluvia",NA,4.92616666666667,-74.0682777777778,2572,14.2,5.58,7.16,101.2,53.8,0.27,76,6.52,"Physidae",37
"Fri1",2,"Lluvia",NA,4.92616666666667,-74.0682777777778,2572,14.2,5.58,7.16,101.2,53.8,0.27,76,6.52,"Planariidae",4
"Fri1",2,"Lluvia",NA,4.92616666666667,-74.0682777777778,2572,14.2,5.58,7.16,101.2,53.8,0.27,76,6.52,"Polycentropodidae",1
"Fri1",2,"Lluvia",NA,4.92616666666667,-74.0682777777778,2572,14.2,5.58,7.16,101.2,53.8,0.27,76,6.52,"Sphaeriidae",37
"Fri1",3,"Lluvia",NA,4.92616666666667,-74.0682777777778,2572,15.3,2.52,6.1,101.2,53.8,0.27,70.05,9.4,"Hyalellidae",13
"Fri1",3,"Lluvia",NA,4.92616666666667,-74.0682777777778,2572,15.3,2.52,6.1,101.2,53.8,0.27,70.05,9.4,"Physidae",14
"Fri1",3,"Lluvia",NA,4.92616666666667,-74.0682777777778,2572,15.3,2.52,6.1,101.2,53.8,0.27,70.05,9.4,"Sphaeriidae",21
"Fri1",3,"Lluvia",NA,4.92616666666667,-74.0682777777778,2572,15.3,2.52,6.1,101.2,53.8,0.27,70.05,9.4,"Tipulidae",2
"Fri1",4,"Seca",NA,4.92616666666667,-74.0682777777778,2572,14.2,3.92,6.42,15.7,42.3,0.04,64.1,16.43,"Baetidae",7
"Fri1",4,"Seca",NA,4.92616666666667,-74.0682777777778,2572,14.2,3.92,6.42,15.7,42.3,0.04,64.1,16.43,"Hyalellidae",34
"Fri1",4,"Seca",NA,4.92616666666667,-74.0682777777778,2572,14.2,3.92,6.42,15.7,42.3,0.04,64.1,16.43,"Hydrophilidae",2
"Fri1",4,"Seca",NA,4.92616666666667,-74.0682777777778,2572,14.2,3.92,6.42,15.7,42.3,0.04,64.1,16.43,"Naididae",2
"Fri1",4,"Seca",NA,4.92616666666667,-74.0682777777778,2572,14.2,3.92,6.42,15.7,42.3,0.04,64.1,16.43,"Philopotamidae",1
"Fri1",4,"Seca",NA,4.92616666666667,-74.0682777777778,2572,14.2,3.92,6.42,15.7,42.3,0.04,64.1,16.43,"Physidae",16
"Fri1",4,"Seca",NA,4.92616666666667,-74.0682777777778,2572,14.2,3.92,6.42,15.7,42.3,0.04,64.1,16.43,"Simuliidae",2
"Fri1",4,"Seca",NA,4.92616666666667,-74.0682777777778,2572,14.2,3.92,6.42,15.7,42.3,0.04,64.1,16.43,"Sphaeriidae",15
"Fri1",5,"Seca",NA,4.92616666666667,-74.0682777777778,2572,15.68,6.32,7.34,23,40.2,0.1,72,13.18,"Aeshnidae",1
"Fri1",5,"Seca",NA,4.92616666666667,-74.0682777777778,2572,15.68,6.32,7.34,23,40.2,0.1,72,13.18,"Corixidae",2
"Fri1",5,"Seca",NA,4.92616666666667,-74.0682777777778,2572,15.68,6.32,7.34,23,40.2,0.1,72,13.18,"Glossiphoniidae",1
"Fri1",5,"Seca",NA,4.92616666666667,-74.0682777777778,2572,15.68,6.32,7.34,23,40.2,0.1,72,13.18,"Hyalellidae",3
"Fri1",5,"Seca",NA,4.92616666666667,-74.0682777777778,2572,15.68,6.32,7.34,23,40.2,0.1,72,13.18,"Hydrophilidae",22
"Fri1",5,"Seca",NA,4.92616666666667,-74.0682777777778,2572,15.68,6.32,7.34,23,40.2,0.1,72,13.18,"Libellulidae",1
"Fri1",5,"Seca",NA,4.92616666666667,-74.0682777777778,2572,15.68,6.32,7.34,23,40.2,0.1,72,13.18,"Notonectidae",1
"Fri1",5,"Seca",NA,4.92616666666667,-74.0682777777778,2572,15.68,6.32,7.34,23,40.2,0.1,72,13.18,"Physidae",14
"Fri1",5,"Seca",NA,4.92616666666667,-74.0682777777778,2572,15.68,6.32,7.34,23,40.2,0.1,72,13.18,"Sphaeriidae",32
"Fri1",6,"Seca",NA,4.92616666666667,-74.0682777777778,2572,19,3.16,6,23,40.2,0.1,74,20.39,"Aeshnidae",2
"Fri1",6,"Seca",NA,4.92616666666667,-74.0682777777778,2572,19,3.16,6,23,40.2,0.1,74,20.39,"Chironomidae",3
"Fri1",6,"Seca",NA,4.92616666666667,-74.0682777777778,2572,19,3.16,6,23,40.2,0.1,74,20.39,"Corixidae",4
"Fri1",6,"Seca",NA,4.92616666666667,-74.0682777777778,2572,19,3.16,6,23,40.2,0.1,74,20.39,"Glossiphoniidae",1
"Fri1",6,"Seca",NA,4.92616666666667,-74.0682777777778,2572,19,3.16,6,23,40.2,0.1,74,20.39,"Hyalellidae",11
"Fri1",6,"Seca",NA,4.92616666666667,-74.0682777777778,2572,19,3.16,6,23,40.2,0.1,74,20.39,"Hydrophilidae",7
"Fri1",6,"Seca",NA,4.92616666666667,-74.0682777777778,2572,19,3.16,6,23,40.2,0.1,74,20.39,"Physidae",51
"Fri1",6,"Seca",NA,4.92616666666667,-74.0682777777778,2572,19,3.16,6,23,40.2,0.1,74,20.39,"Planariidae",11
"Fri1",6,"Seca",NA,4.92616666666667,-74.0682777777778,2572,19,3.16,6,23,40.2,0.1,74,20.39,"Sphaeriidae",67
"Fri5",1,"Lluvia",NA,4.85480555555556,-74.0675277777778,2554,15.2,2.29,6.74,81.4,39.4,0.2,115.3,23.08,"Hyalellidae",8
"Fri5",1,"Lluvia",NA,4.85480555555556,-74.0675277777778,2554,15.2,2.29,6.74,81.4,39.4,0.2,115.3,23.08,"Planariidae",2
"Fri5",1,"Lluvia",NA,4.85480555555556,-74.0675277777778,2554,15.2,2.29,6.74,81.4,39.4,0.2,115.3,23.08,"Sphaeriidae",1
"Fri5",2,"Lluvia",NA,4.85480555555556,-74.0675277777778,2554,15.6,1.75,7.1,81.4,39.4,0.2,116.5,26.6,"Glossiphoniidae",2
"Fri5",3,"Lluvia",NA,4.85480555555556,-74.0675277777778,2554,15,4.4,6.2,81.4,39.4,0.2,115.9,39.49,"Glossiphoniidae",4
"Fri5",3,"Lluvia",NA,4.85480555555556,-74.0675277777778,2554,15,4.4,6.2,81.4,39.4,0.2,115.9,39.49,"Lymnaeidae",4
"Fri5",3,"Lluvia",NA,4.85480555555556,-74.0675277777778,2554,15,4.4,6.2,81.4,39.4,0.2,115.9,39.49,"Naididae",5
"Fri5",4,"Seca",NA,4.85480555555556,-74.0675277777778,2554,14.5,2.29,6.72,27.2,57.5,0.05,115.3,23.08,"Chironomidae",34
"Fri5",4,"Seca",NA,4.85480555555556,-74.0675277777778,2554,14.5,2.29,6.72,27.2,57.5,0.05,115.3,23.08,"Physidae",3
"Fri5",5,"Seca",NA,4.85480555555556,-74.0675277777778,2554,18.9,0.95,7.23,62.3,27.3,0.09,150,58.25,"Lymnaeidae",2
"Fri5",5,"Seca",NA,4.85480555555556,-74.0675277777778,2554,18.9,0.95,7.23,62.3,27.3,0.09,150,58.25,"Physidae",9
"Fri5",6,"Seca",NA,4.85480555555556,-74.0675277777778,2554,16.99,1.58,6,77.2,39.6,0.18,134,57,"Glossiphoniidae",11
"Fri5",6,"Seca",NA,4.85480555555556,-74.0675277777778,2554,16.99,1.58,6,77.2,39.6,0.18,134,57,"Lymnaeidae",5
"Neu1",2,"Seca","29/06/2017",5.16080555555556,-73.9949222222222,3051,11.7,6.4,7.3,29.6,69.42,0.18,61.6,4.72,"Naididae",4
"Neu1",2,"Seca","29/06/2017",5.16080555555556,-73.9949222222222,3051,11.7,6.4,7.3,29.6,69.42,0.18,61.6,4.72,"Simuliidae",1
"Neu1",2,"Seca","29/06/2017",5.16080555555556,-73.9949222222222,3051,11.7,6.4,7.3,29.6,69.42,0.18,61.6,4.72,"Chironomidae",9
"Neu1",3,"Transición","13/09/2017",5.16080555555556,-73.9949222222222,3051,11.5,7.8,7.4,12,62.14,0.01,152.6,1.9,"Chironomidae",30
"Neu1",3,"Transición","13/09/2017",5.16080555555556,-73.9949222222222,3051,11.5,7.8,7.4,12,62.14,0.01,152.6,1.9,"Tipulidae",2
"Neu1",3,"Transición","13/09/2017",5.16080555555556,-73.9949222222222,3051,11.5,7.8,7.4,12,62.14,0.01,152.6,1.9,"Lumbricidae",2
"Neu1",3,"Transición","13/09/2017",5.16080555555556,-73.9949222222222,3051,11.5,7.8,7.4,12,62.14,0.01,152.6,1.9,"Sphaeriidae",5
"Neu1",3,"Transición","13/09/2017",5.16080555555556,-73.9949222222222,3051,11.5,7.8,7.4,12,62.14,0.01,152.6,1.9,"Glossiphoniidae",1
"Neu1",3,"Transición","13/09/2017",5.16080555555556,-73.9949222222222,3051,11.5,7.8,7.4,12,62.14,0.01,152.6,1.9,"Leptoceridae",2
"Neu1",3,"Transición","13/09/2017",5.16080555555556,-73.9949222222222,3051,11.4,7.8,7,41,28.43,0.2,153,1.5,"Chironomidae",9
"Neu1",3,"Transición","13/09/2017",5.16080555555556,-73.9949222222222,3051,11.4,7.8,7,41,28.43,0.2,153,1.5,"Simuliidae",1
"Neu1",3,"Transición","13/09/2017",5.16080555555556,-73.9949222222222,3051,11.4,7.8,7,41,28.43,0.2,153,1.5,"Sphaeriidae",3
"Neu1",3,"Transición","13/09/2017",5.16080555555556,-73.9949222222222,3051,11.4,7.8,7,41,28.43,0.2,153,1.5,"Naididae",3
"Neu1",3,"Transición","13/09/2017",5.16080555555556,-73.9949222222222,3051,11.4,7.8,7,41,28.43,0.2,153,1.5,"Baetidae",2
"Neu1",3,"Transición","13/09/2017",5.16080555555556,-73.9949222222222,3051,11.3,7.8,7.5,28,63,0.14,151.3,1.3,"Chironomidae",20
"Neu1",3,"Transición","13/09/2017",5.16080555555556,-73.9949222222222,3051,11.3,7.8,7.5,28,63,0.14,151.3,1.3,"Tipulidae",3
"Neu1",3,"Transición","13/09/2017",5.16080555555556,-73.9949222222222,3051,11.3,7.8,7.5,28,63,0.14,151.3,1.3,"Lumbricidae",1
"Neu1",3,"Transición","13/09/2017",5.16080555555556,-73.9949222222222,3051,11.3,7.8,7.5,28,63,0.14,151.3,1.3,"Simuliidae",2
"Neu1",3,"Transición","13/09/2017",5.16080555555556,-73.9949222222222,3051,11.3,7.8,7.5,28,63,0.14,151.3,1.3,"Sphaeriidae",8
"Neu1",3,"Transición","13/09/2017",5.16080555555556,-73.9949222222222,3051,11.3,7.8,7.5,28,63,0.14,151.3,1.3,"Naididae",5
"Neu1",5,"Seca","21/02/2018",5.16080555555556,-73.9949222222222,3051,10.3,8.05,7.3,76.31,40.28,0.21,88.53,3.54,"Leptoceridae",1
"Neu1",5,"Seca","21/02/2018",5.16080555555556,-73.9949222222222,3051,10,8.13,7.25,146.41,57.42,0.1,88.7,3.41,"Tipulidae",2
"Neu1",5,"Seca","21/02/2018",5.16080555555556,-73.9949222222222,3051,10,8.13,7.25,146.41,57.42,0.1,88.7,3.41,"Simuliidae",60
"Neu1",5,"Seca","21/02/2018",5.16080555555556,-73.9949222222222,3051,10,8.13,7.25,146.41,57.42,0.1,88.7,3.41,"Chironomidae",17
"Neu1",5,"Seca","21/02/2018",5.16080555555556,-73.9949222222222,3051,10,8.13,7.25,146.41,57.42,0.1,88.7,3.41,"Baetidae",1
"Neu1",5,"Seca","21/02/2018",5.16080555555556,-73.9949222222222,3051,10,8.13,7.25,146.41,57.42,0.1,88.7,3.41,"Glossiphoniidae",1
"Neu1",5,"Seca","21/02/2018",5.16080555555556,-73.9949222222222,3051,10,8.13,7.25,146.41,57.42,0.1,88.7,3.41,"Lumbricidae",1
"Neu1",6,"Transición","14/03/2018",5.16080555555556,-73.9949222222222,3051,11.4,7.9,7.6,91.04,76.57,0.12,89.3,2.55,"Baetidae",2
"Neu1",6,"Transición","14/03/2018",5.16080555555556,-73.9949222222222,3051,11.4,7.9,7.6,91.04,76.57,0.12,89.3,2.55,"Sphaeriidae",16
"Neu1",6,"Transición","14/03/2018",5.16080555555556,-73.9949222222222,3051,11.4,7.9,7.6,91.04,76.57,0.12,89.3,2.55,"Chironomidae",7
"Neu1",6,"Transición","14/03/2018",5.16080555555556,-73.9949222222222,3051,11.4,7.9,7.6,91.04,76.57,0.12,89.3,2.55,"Lumbricidae",1
"Neu1",6,"Transición","14/03/2018",5.16080555555556,-73.9949222222222,3051,11.2,7.9,7.9,51.36,55.14,0.01,89.2,0.77,"Baetidae",3
"Neu1",6,"Transición","14/03/2018",5.16080555555556,-73.9949222222222,3051,11.2,7.9,7.9,51.36,55.14,0.01,89.2,0.77,"Sphaeriidae",17
"Neu1",6,"Transición","14/03/2018",5.16080555555556,-73.9949222222222,3051,11.2,7.9,7.9,51.36,55.14,0.01,89.2,0.77,"Chironomidae",14
"Neu1",6,"Transición","14/03/2018",5.16080555555556,-73.9949222222222,3051,11.2,7.9,7.9,51.36,55.14,0.01,89.2,0.77,"Simuliidae",3
"Neu1",6,"Transición","14/03/2018",5.16080555555556,-73.9949222222222,3051,11.2,7.9,7.9,51.36,55.14,0.01,89.2,0.77,"Lumbricidae",1
"Neu1",7,"Lluvia","09/05/18",5.16080555555556,-73.9949222222222,3051,11.37,7.74,6.21,43,47.43,0.31,59.97,9.79,"Tipulidae",1
"Neu1",7,"Lluvia","09/05/18",5.16080555555556,-73.9949222222222,3051,11.37,7.74,6.21,43,47.43,0.31,59.97,9.79,"Chironomidae",4
"Neu1",7,"Lluvia","09/05/18",5.16080555555556,-73.9949222222222,3051,11.37,7.74,6.21,43,47.43,0.31,59.97,9.79,"Sphaeriidae",1
"Neu1",7,"Lluvia","09/05/18",5.16080555555556,-73.9949222222222,3051,11.37,7.74,6.21,43,47.43,0.31,59.97,9.79,"Naididae",5
"Neu1",7,"Lluvia","09/05/18",5.16080555555556,-73.9949222222222,3051,10.93,7.77,6.22,56,80.43,0.28,59.9,9.67,"Chironomidae",2
"Neu1",7,"Lluvia","09/05/18",5.16080555555556,-73.9949222222222,3051,11,7.88,6.2,74,65.86,0.31,58.9,10.15,"Simuliidae",1
"Neu1",7,"Lluvia","09/05/18",5.16080555555556,-73.9949222222222,3051,11,7.88,6.2,74,65.86,0.31,58.9,10.15,"Tipulidae",1
"Neu1",7,"Lluvia","09/05/18",5.16080555555556,-73.9949222222222,3051,11,7.88,6.2,74,65.86,0.31,58.9,10.15,"Chironomidae",2
"Neu1",7,"Lluvia","09/05/18",5.16080555555556,-73.9949222222222,3051,11,7.88,6.2,74,65.86,0.31,58.9,10.15,"Planariidae",1
"Neu1",7,"Lluvia","09/05/18",5.16080555555556,-73.9949222222222,3051,11,7.88,6.2,74,65.86,0.31,58.9,10.15,"Sphaeriidae",1
"Neu1",7,"Lluvia","09/05/18",5.16080555555556,-73.9949222222222,3051,11,7.88,6.2,74,65.86,0.31,58.9,10.15,"Naididae",3
"Neu1",9,"Lluvia","17/10/2018",5.16080555555556,-73.9949222222222,3051,9.6,7.95,6.73,38,46.37,0.05,65.8,35.69,"Sphaeriidae",1
"Neu1",9,"Lluvia","17/10/2018",5.16080555555556,-73.9949222222222,3051,9.6,7.95,6.73,38,46.37,0.05,65.8,35.69,"Lumbricidae",1
"Neu1",9,"Lluvia","17/10/2018",5.16080555555556,-73.9949222222222,3051,9.6,7.95,6.73,38,46.37,0.05,65.8,35.69,"Tipulidae",1
"Neu2",2,"Seca","29/06/2017",5.16020027777778,-73.9935388888889,3044,11.45,6.65,7.46,83.6,34.71,0.21,60.3,5.76,"Naididae",2
"Neu2",2,"Seca","29/06/2017",5.16020027777778,-73.9935388888889,3044,11.45,6.65,7.46,83.6,34.71,0.21,60.3,5.76,"Tipulidae",3
"Neu2",2,"Seca","29/06/2017",5.16020027777778,-73.9935388888889,3044,11.45,6.65,7.46,83.6,34.71,0.21,60.3,5.76,"Chironomidae",7
"Neu2",2,"Seca","29/06/2017",5.16020027777778,-73.9935388888889,3044,11.45,6.65,7.46,83.6,34.71,0.21,60.3,5.76,"Corixidae",1
"Neu2",2,"Seca","29/06/2017",5.16020027777778,-73.9935388888889,3044,11.45,6.65,7.46,83.6,34.71,0.21,60.3,5.76,"Gerridae",1
"Neu2",3,"Transición","13/09/2017",5.16020027777778,-73.9935388888889,3044,11.09,7.12,7.12,56,26.75,0.18,150.3,2.13,"Chironomidae",10
"Neu2",3,"Transición","13/09/2017",5.16020027777778,-73.9935388888889,3044,11.09,7.12,7.12,56,26.75,0.18,150.3,2.13,"Tipulidae",6
"Neu2",3,"Transición","13/09/2017",5.16020027777778,-73.9935388888889,3044,11.09,7.12,7.12,56,26.75,0.18,150.3,2.13,"Lumbricidae",8
"Neu2",3,"Transición","13/09/2017",5.16020027777778,-73.9935388888889,3044,11.09,7.12,7.12,56,26.75,0.18,150.3,2.13,"Simuliidae",10
"Neu2",3,"Transición","13/09/2017",5.16020027777778,-73.9935388888889,3044,11.1,7.78,7.02,41,17.6,0.12,151.3,1.55,"Chironomidae",14
"Neu2",3,"Transición","13/09/2017",5.16020027777778,-73.9935388888889,3044,11.1,7.78,7.02,41,17.6,0.12,151.3,1.55,"Tipulidae",2
"Neu2",3,"Transición","13/09/2017",5.16020027777778,-73.9935388888889,3044,11.1,7.78,7.02,41,17.6,0.12,151.3,1.55,"Lumbricidae",16
"Neu2",3,"Transición","13/09/2017",5.16020027777778,-73.9935388888889,3044,11.1,7.78,7.02,41,17.6,0.12,151.3,1.55,"Simuliidae",19
"Neu2",3,"Transición","13/09/2017",5.16020027777778,-73.9935388888889,3044,11.1,7.78,7.02,41,17.6,0.12,151.3,1.55,"Mesoveliidae",3
"Neu2",6,"Transición","14/03/2018",5.16020027777778,-73.9935388888889,3044,10.4,8.3,7.5,171.85,69.43,0.21,90.1,4.07,"Tipulidae",1
"Neu2",6,"Transición","14/03/2018",5.16020027777778,-73.9935388888889,3044,10.4,8.3,7.5,171.85,69.43,0.21,90.1,4.07,"Lumbricidae",1
"Neu2",6,"Transición","14/03/2018",5.16020027777778,-73.9935388888889,3044,10.4,8.3,7.5,171.85,69.43,0.21,90.1,4.07,"Planariidae",1
"Neu2",6,"Transición","14/03/2018",5.16020027777778,-73.9935388888889,3044,10.4,8.3,7.5,171.85,69.43,0.21,90.1,4.07,"Chironomidae",5
"Neu2",6,"Transición","14/03/2018",5.16020027777778,-73.9935388888889,3044,10.4,8.3,7.5,171.85,69.43,0.21,90.1,4.07,"Baetidae",2
"Neu2",6,"Transición","14/03/2018",5.16020027777778,-73.9935388888889,3044,10.3,8.1,7.5,134.05,39.14,0.14,90.1,2.11,"Lumbricidae",1
"Neu2",6,"Transición","14/03/2018",5.16020027777778,-73.9935388888889,3044,10.3,8.1,7.5,134.05,39.14,0.14,90.1,2.11,"Chironomidae",12
"Neu2",6,"Transición","14/03/2018",5.16020027777778,-73.9935388888889,3044,10.3,8.1,7.5,134.05,39.14,0.14,90.1,2.11,"Baetidae",1
"Neu2",6,"Transición","14/03/2018",5.16020027777778,-73.9935388888889,3044,10.3,8.1,7.5,134.05,39.14,0.14,90.1,2.11,"Aeshnidae",3
"Neu2",6,"Transición","14/03/2018",5.16020027777778,-73.9935388888889,3044,10.3,8.1,7.5,134.05,39.14,0.14,90.1,2.11,"Sphaeriidae",1
"Neu2",6,"Transición","14/03/2018",5.16020027777778,-73.9935388888889,3044,10.3,8.1,7.5,134.05,39.14,0.14,90.1,2.11,"Ceratopogonidae",1
"Neu2",6,"Transición","14/03/2018",5.16020027777778,-73.9935388888889,3044,10.3,8.1,7.5,134.05,39.14,0.14,90.1,2.11,"Simuliidae",52
"Neu2",7,"Lluvia","09/05/18",5.16020027777778,-73.9935388888889,3044,10.8,7.91,6.61,111,62.53,0.42,77,19.99,"Planariidae",2
"Neu2",7,"Lluvia","09/05/18",5.16020027777778,-73.9935388888889,3044,10.8,7.91,6.61,111,62.53,0.42,77,19.99,"Glossiphoniidae",5
"Neu2",7,"Lluvia","09/05/18",5.16020027777778,-73.9935388888889,3044,10.8,7.91,6.61,111,62.53,0.42,77,19.99,"Simuliidae",9
"Neu2",7,"Lluvia","09/05/18",5.16020027777778,-73.9935388888889,3044,10.8,7.91,6.61,111,62.53,0.42,77,19.99,"Muscidae",1
"Neu2",7,"Lluvia","09/05/18",5.16020027777778,-73.9935388888889,3044,10.8,7.97,6.82,149,73.86,0.23,67.07,19.67,"Tipulidae",1
"Neu2",7,"Lluvia","09/05/18",5.16020027777778,-73.9935388888889,3044,10.8,7.97,6.82,149,73.86,0.23,67.07,19.67,"Glossiphoniidae",1
"Neu2",7,"Lluvia","09/05/18",5.16020027777778,-73.9935388888889,3044,10.8,7.97,6.82,149,73.86,0.23,67.07,19.67,"Sphaeriidae",2
"Neu2",9,"Lluvia","17/10/2018",5.16020027777778,-73.9935388888889,3044,11.4,7.94,7.2,363,45.57,0.22,69.6,8.11,"Lumbricidae",4
"Neu2",9,"Lluvia","17/10/2018",5.16020027777778,-73.9935388888889,3044,11.33,7.95,7.12,63,37.35,0.08,69.43,8.55,"Sphaeriidae",1
"Neu2",9,"Lluvia","17/10/2018",5.16020027777778,-73.9935388888889,3044,11.33,7.95,7.12,63,37.35,0.08,69.43,8.55,"Tipulidae",1
"Neu2",10,"Seca","26/02/2019",5.16020027777778,-73.9935388888889,3044,12.63,7.89,7.12,150,37.15,0.06,103.62,13.51,"Sphaeriidae",3
"Neu2",10,"Seca","26/02/2019",5.16020027777778,-73.9935388888889,3044,12.63,7.89,7.12,150,37.15,0.06,103.62,13.51,"Naididae",12
"Neu2",10,"Seca","26/02/2019",5.16020027777778,-73.9935388888889,3044,12.63,7.89,7.12,150,37.15,0.06,103.62,13.51,"Chironomidae",14
"Neu2",10,"Seca","26/02/2019",5.16020027777778,-73.9935388888889,3044,12.63,7.89,7.12,150,37.15,0.06,103.62,13.51,"Glossiphoniidae",4
"Neu2",10,"Seca","26/02/2019",5.16020027777778,-73.9935388888889,3044,12.63,7.89,7.12,150,37.15,0.06,103.62,13.51,"Ceratopogonidae",1
"Neu2",10,"Seca","26/02/2019",5.16020027777778,-73.9935388888889,3044,12.63,7.77,7.25,186,20.39,0.17,101.16,7.94,"Sphaeriidae",6
"Neu2",10,"Seca","26/02/2019",5.16020027777778,-73.9935388888889,3044,12.63,7.77,7.25,186,20.39,0.17,101.16,7.94,"Naididae",15
"Neu2",10,"Seca","26/02/2019",5.16020027777778,-73.9935388888889,3044,12.63,7.77,7.25,186,20.39,0.17,101.16,7.94,"Chironomidae",50
"Neu2",10,"Seca","26/02/2019",5.16020027777778,-73.9935388888889,3044,12.63,7.77,7.25,186,20.39,0.17,101.16,7.94,"Glossiphoniidae",4
"Neu2",10,"Seca","26/02/2019",5.16020027777778,-73.9935388888889,3044,12.63,7.77,7.25,186,20.39,0.17,101.16,7.94,"Hyalellidae",4
"Neu2",10,"Seca","26/02/2019",5.16020027777778,-73.9935388888889,3044,12.63,7.77,7.25,186,20.39,0.17,101.16,7.94,"Leptoceridae",1
"Neu2",10,"Seca","26/02/2019",5.16020027777778,-73.9935388888889,3044,12.63,7.77,7.25,186,20.39,0.17,101.16,7.94,"Tipulidae",3
"Neu2",10,"Seca","26/02/2019",5.16020027777778,-73.9935388888889,3044,12.63,7.77,7.25,186,20.39,0.17,101.16,7.94,"Ceratopogonidae",5
"Neu3",2,"Seca","29/06/2017",5.15068333333333,-73.9825555555556,2995,10.47,6.46,7.74,75,55.62,0.07,55,4.91,"Baetidae",1
"Neu3",2,"Seca","29/06/2017",5.15068333333333,-73.9825555555556,2995,10.47,6.46,7.74,75,55.62,0.07,55,4.91,"Hydroptilidae",1
"Neu3",2,"Seca","29/06/2017",5.15068333333333,-73.9825555555556,2995,10.47,6.46,7.74,75,55.62,0.07,55,4.91,"Chironomidae",5
"Neu3",2,"Seca","29/06/2017",5.15068333333333,-73.9825555555556,2995,10.47,6.46,7.74,75,55.62,0.07,55,4.91,"Planariidae",1
"Neu3",3,"Transición","13/09/2017",5.15068333333333,-73.9825555555556,2995,12.9,7.5,7.27,12,44.5,0.17,141,1.16,"Chironomidae",9
"Neu3",3,"Transición","13/09/2017",5.15068333333333,-73.9825555555556,2995,12.9,7.5,7.27,12,44.5,0.17,141,1.16,"Simuliidae",41
"Neu3",3,"Transición","13/09/2017",5.15068333333333,-73.9825555555556,2995,12.9,7.51,7.16,77,54.8,0.07,140.67,0.85,"Chironomidae",18
"Neu3",3,"Transición","13/09/2017",5.15068333333333,-73.9825555555556,2995,12.9,7.51,7.16,77,54.8,0.07,140.67,0.85,"Sphaeriidae",6
"Neu3",3,"Transición","13/09/2017",5.15068333333333,-73.9825555555556,2995,12.9,7.51,7.16,77,54.8,0.07,140.67,0.85,"Glossiphoniidae",1
"Neu3",3,"Transición","13/09/2017",5.15068333333333,-73.9825555555556,2995,12.9,7.51,7.16,77,54.8,0.07,140.67,0.85,"Tipulidae",1
"Neu3",3,"Transición","13/09/2017",5.15068333333333,-73.9825555555556,2995,12.9,7.51,7.16,77,54.8,0.07,140.67,0.85,"Hyalellidae",1
"Neu3",3,"Transición","13/09/2017",5.15068333333333,-73.9825555555556,2995,12.9,7.51,7.16,77,54.8,0.07,140.67,0.85,"Lumbricidae",1
"Neu3",3,"Transición","13/09/2017",5.15068333333333,-73.9825555555556,2995,13.02,7.55,7.8,56,34,0.3,140.67,2.45,"Chironomidae",6
"Neu3",3,"Transición","13/09/2017",5.15068333333333,-73.9825555555556,2995,13.02,7.55,7.8,56,34,0.3,140.67,2.45,"Sphaeriidae",4
"Neu3",3,"Transición","13/09/2017",5.15068333333333,-73.9825555555556,2995,13.02,7.55,7.8,56,34,0.3,140.67,2.45,"Physidae",1
"Neu3",4,"Lluvia","19/10/2017",5.15068333333333,-73.9825555555556,2995,11.5,7.05,7.3,58.8,30.28,0.21,43.1,7.3,"Chironomidae",14
"Neu3",4,"Lluvia","19/10/2017",5.15068333333333,-73.9825555555556,2995,11.5,7.05,7.3,58.8,30.28,0.21,43.1,7.3,"Tipulidae",3
"Neu3",4,"Lluvia","19/10/2017",5.15068333333333,-73.9825555555556,2995,11.5,7.05,7.3,58.8,30.28,0.21,43.1,7.3,"Simuliidae",1
"Neu3",4,"Lluvia","19/10/2017",5.15068333333333,-73.9825555555556,2995,11.5,7.05,7.3,58.8,30.28,0.21,43.1,7.3,"Hyalellidae",1
"Neu3",4,"Lluvia","19/10/2017",5.15068333333333,-73.9825555555556,2995,11.5,7.05,7.3,58.8,30.28,0.21,43.1,7.3,"Sphaeriidae",1
"Neu3",4,"Lluvia","19/10/2017",5.15068333333333,-73.9825555555556,2995,11.04,6.66,7.16,38.9,35.28,0.15,71.66,7.33,"Chironomidae",39
"Neu3",4,"Lluvia","19/10/2017",5.15068333333333,-73.9825555555556,2995,11.04,6.66,7.16,38.9,35.28,0.15,71.66,7.33,"Hyalellidae",1
"Neu3",5,"Seca","21/02/2018",5.15068333333333,-73.9825555555556,2995,9.8,8.18,7.32,103.51,49.28,0.13,87.2,2.5,"Hyalellidae",1
"Neu3",5,"Seca","21/02/2018",5.15068333333333,-73.9825555555556,2995,9.8,8.18,7.32,103.51,49.28,0.13,87.2,2.5,"Leptoceridae",1
"Neu3",6,"Transición","14/03/2018",5.15068333333333,-73.9825555555556,2995,11.77,7.82,7.27,150.86,42,0.17,85.07,1.22,"Glossiphoniidae",1
"Neu3",6,"Transición","14/03/2018",5.15068333333333,-73.9825555555556,2995,11.77,7.82,7.27,150.86,42,0.17,85.07,1.22,"Sphaeriidae",11
"Neu3",6,"Transición","14/03/2018",5.15068333333333,-73.9825555555556,2995,11.77,7.82,7.27,150.86,42,0.17,85.07,1.22,"Leptoceridae",1
"Neu3",6,"Transición","14/03/2018",5.15068333333333,-73.9825555555556,2995,11.77,7.82,7.27,150.86,42,0.17,85.07,1.22,"Chironomidae",18
"Neu3",7,"Lluvia","09/05/18",5.15068333333333,-73.9825555555556,2995,11.6,7.89,6.98,113,62.43,0.42,77.53,20.5,"Lumbricidae",3
"Neu3",7,"Lluvia","09/05/18",5.15068333333333,-73.9825555555556,2995,11.7,7.86,7.17,131,68.43,0.29,76.47,17.29,"Tipulidae",1
"Neu3",7,"Lluvia","09/05/18",5.15068333333333,-73.9825555555556,2995,11.7,7.86,7.17,131,68.43,0.29,76.47,17.29,"Hyalellidae",4
"Neu3",7,"Lluvia","09/05/18",5.15068333333333,-73.9825555555556,2995,11.7,7.86,7.17,131,68.43,0.29,76.47,17.29,"Chironomidae",1
"Neu3",7,"Lluvia","09/05/18",5.15068333333333,-73.9825555555556,2995,11.7,7.86,7.17,131,68.43,0.29,76.47,17.29,"Hydrophilidae",1
"Neu4",3,"Transición","13/09/2017",5.12785833333333,-73.9678055555555,2893,14.56,7.33,6.79,12,75,0.16,117,2.93,"Naididae",2
"Neu4",3,"Transición","13/09/2017",5.12785833333333,-73.9678055555555,2893,14.56,7.33,6.79,12,75,0.16,117,2.93,"Baetidae",9
"Neu4",3,"Transición","13/09/2017",5.12785833333333,-73.9678055555555,2893,14.56,7.33,6.79,12,75,0.16,117,2.93,"Empididae",1
"Neu4",3,"Transición","13/09/2017",5.12785833333333,-73.9678055555555,2893,14.56,7.33,6.79,12,75,0.16,117,2.93,"Chironomidae",3
"Neu4",3,"Transición","13/09/2017",5.12785833333333,-73.9678055555555,2893,14.56,7.33,6.79,12,75,0.16,117,2.93,"Mesoveliidae",1
"Neu4",3,"Transición","13/09/2017",5.12785833333333,-73.9678055555555,2893,14.56,7.33,6.79,12,75,0.16,117,2.93,"Sphaeriidae",2
"Neu4",3,"Transición","13/09/2017",5.12785833333333,-73.9678055555555,2893,14.58,7.35,6.64,15,44.4,0.27,118,2.51,"Naididae",1
"Neu4",3,"Transición","13/09/2017",5.12785833333333,-73.9678055555555,2893,14.58,7.35,6.64,15,44.4,0.27,118,2.51,"Chironomidae",23
"Neu4",3,"Transición","13/09/2017",5.12785833333333,-73.9678055555555,2893,14.58,7.35,6.64,15,44.4,0.27,118,2.51,"Planariidae",2
"Neu4",3,"Transición","13/09/2017",5.12785833333333,-73.9678055555555,2893,14.58,7.35,6.64,15,44.4,0.27,118,2.51,"Simuliidae",8
"Neu4",5,"Seca","21/02/2018",5.12785833333333,-73.9678055555555,2893,15.3,7.45,7.32,33.37,83.57,0.26,65.13,1.48,"Chironomidae",1
"Neu4",5,"Seca","21/02/2018",5.12785833333333,-73.9678055555555,2893,15.2,7.34,7.33,33.86,57.28,0.21,64.9,0.42,"Gerridae",11
"Neu4",5,"Seca","21/02/2018",5.12785833333333,-73.9678055555555,2893,15.2,7.34,7.33,33.86,57.28,0.21,64.9,0.42,"Simuliidae",1
"Neu4",5,"Seca","21/02/2018",5.12785833333333,-73.9678055555555,2893,15.2,7.34,7.33,33.86,57.28,0.21,64.9,0.42,"Chironomidae",4
"Neu4",6,"Transición","14/03/2018",5.12785833333333,-73.9678055555555,2893,15.6,7.4,7.1,54.5,82.71,0.27,65.3,1.29,"Simuliidae",8
"Neu4",6,"Transición","14/03/2018",5.12785833333333,-73.9678055555555,2893,15.6,7.4,7.1,54.5,82.71,0.27,65.3,1.29,"Chironomidae",3
"Neu4",6,"Transición","14/03/2018",5.12785833333333,-73.9678055555555,2893,15.6,7.4,7.1,54.5,82.71,0.27,65.3,1.29,"Planariidae",13
"Neu4",6,"Transición","14/03/2018",5.12785833333333,-73.9678055555555,2893,15.6,7.4,7.1,54.5,82.71,0.27,65.3,1.29,"Muscidae",1
"Neu4",7,"Lluvia","09/05/18",5.12785833333333,-73.9678055555555,2893,13.6,7.55,7.38,33,96.86,0.2,60.7,33.08,"Simuliidae",6
"Neu4",7,"Lluvia","09/05/18",5.12785833333333,-73.9678055555555,2893,13.6,7.55,7.38,33,96.86,0.2,60.7,33.08,"Chironomidae",28
"Neu4",7,"Lluvia","09/05/18",5.12785833333333,-73.9678055555555,2893,13.6,7.55,7.38,33,96.86,0.2,60.7,33.08,"Hydrophilidae",1
"Neu4",7,"Lluvia","09/05/18",5.12785833333333,-73.9678055555555,2893,13.7,7.54,7.19,26,27.43,0.2,60.6,32.52,"Simuliidae",13
"Neu4",7,"Lluvia","09/05/18",5.12785833333333,-73.9678055555555,2893,13.7,7.54,7.19,26,27.43,0.2,60.6,32.52,"Chironomidae",28
"Neu4",7,"Lluvia","09/05/18",5.12785833333333,-73.9678055555555,2893,13.7,7.54,7.19,26,27.43,0.2,60.6,32.52,"Baetidae",8
"Neu4",7,"Lluvia","09/05/18",5.12785833333333,-73.9678055555555,2893,13.7,7.54,7.19,26,27.43,0.2,60.6,32.52,"Aeshnidae",1
"Neu4",7,"Lluvia","09/05/18",5.12785833333333,-73.9678055555555,2893,13.7,7.54,7.19,26,27.43,0.2,60.6,32.52,"Hydrophilidae",1
"Neu4",7,"Lluvia","09/05/18",5.12785833333333,-73.9678055555555,2893,13.7,7.54,7.19,26,27.43,0.2,60.6,32.52,"Leptoceridae",1
"Neu4",7,"Lluvia","09/05/18",5.12785833333333,-73.9678055555555,2893,13.7,7.54,7.19,26,27.43,0.2,60.6,32.52,"Sphaeriidae",4
"Neu4",8,"Seca","08/08/18",5.12785833333333,-73.9678055555555,2893,13.8,7.82,7.26,19.76,85.29,0.16,70.27,2.55,"Leptoceridae",1
"Neu4",8,"Seca","08/08/18",5.12785833333333,-73.9678055555555,2893,13.8,7.82,7.26,19.76,85.29,0.16,70.27,2.55,"Chironomidae",6
"Neu4",8,"Seca","08/08/18",5.12785833333333,-73.9678055555555,2893,13.36,7.71,7.25,82.75,50.37,0.23,66.28,2.65,"Glossiphoniidae",1
"Neu4",8,"Seca","08/08/18",5.12785833333333,-73.9678055555555,2893,13.36,7.71,7.25,82.75,50.37,0.23,66.28,2.65,"Leptoceridae",1
"Neu4",8,"Seca","08/08/18",5.12785833333333,-73.9678055555555,2893,13.36,7.71,7.25,82.75,50.37,0.23,66.28,2.65,"Baetidae",1
"Neu4",8,"Seca","08/08/18",5.12785833333333,-73.9678055555555,2893,13.36,7.71,7.25,82.75,50.37,0.23,66.28,2.65,"Chironomidae",21
"Neu4",8,"Seca","08/08/18",5.12785833333333,-73.9678055555555,2893,13.36,7.71,7.25,82.75,50.37,0.23,66.28,2.65,"Simuliidae",8
"Neu4",8,"Seca","08/08/18",5.12785833333333,-73.9678055555555,2893,13.36,7.71,7.25,82.75,50.37,0.23,66.28,2.65,"Planariidae",3
"Neu4",8,"Seca","08/08/18",5.12785833333333,-73.9678055555555,2893,13.36,7.71,7.25,82.75,50.37,0.23,66.28,2.65,"Sphaeriidae",7
"Neu4",8,"Seca","08/08/18",5.12785833333333,-73.9678055555555,2893,13.36,7.71,7.25,82.75,50.37,0.23,66.28,2.65,"Lumbricidae",1
"Neu4",11,"Lluvia","08/05/19",5.12785833333333,-73.9678055555555,2893,15.33,7.38,7.12,135.22,62.03,0.3,67.5,3.7,"Sphaeriidae",3
"Neu4",11,"Lluvia","08/05/19",5.12785833333333,-73.9678055555555,2893,15.33,7.38,7.12,135.22,62.03,0.3,67.5,3.7,"Naididae",24
"Neu4",11,"Lluvia","08/05/19",5.12785833333333,-73.9678055555555,2893,15.33,7.38,7.12,135.22,62.03,0.3,67.5,3.7,"Chironomidae",9
"Neu4",11,"Lluvia","08/05/19",5.12785833333333,-73.9678055555555,2893,15.33,7.38,7.12,135.22,62.03,0.3,67.5,3.7,"Simuliidae",1
"Neu4",11,"Lluvia","08/05/19",5.12785833333333,-73.9678055555555,2893,15.33,7.38,7.12,135.22,62.03,0.3,67.5,3.7,"Glossiphoniidae",1
"Neu4",11,"Lluvia","08/05/19",5.12785833333333,-73.9678055555555,2893,15.33,7.38,7.12,135.22,62.03,0.3,67.5,3.7,"Planariidae",1
"Neu4",11,"Lluvia","08/05/19",5.12785833333333,-73.9678055555555,2893,15.33,7.38,7.12,135.22,62.03,0.3,67.5,3.7,"Gerridae",5
"Neu6",1,"Lluvia","08/06/17",5.10161944444445,-73.9623527777778,2631,14.74,4.67,7.18,11.9,79.8,0.22,54.5,30.1,"Naididae",2
"Neu6",1,"Lluvia","08/06/17",5.10161944444445,-73.9623527777778,2631,14.74,4.67,7.18,11.9,79.8,0.22,54.5,30.1,"Glossiphoniidae",2
"Neu6",1,"Lluvia","08/06/17",5.10161944444445,-73.9623527777778,2631,14.74,4.67,7.18,9.1,25.2,0.16,54.5,30.1,"Naididae",4
"Neu6",1,"Lluvia","08/06/17",5.10161944444445,-73.9623527777778,2631,14.74,4.67,7.18,9.1,25.2,0.16,54.5,30.1,"Glossiphoniidae",3
"Neu6",2,"Seca","29/06/2017",5.10161944444445,-73.9623527777778,2631,15.58,7.03,7.23,24,66,0.26,48,5.17,"Baetidae",1
"Neu6",2,"Seca","29/06/2017",5.10161944444445,-73.9623527777778,2631,15.58,7.03,7.23,24,66,0.26,48,5.17,"Simuliidae",1
"Neu6",2,"Seca","29/06/2017",5.10161944444445,-73.9623527777778,2631,15.54,6.25,7.23,12,60,0.17,47.33,5.68,"Chironomidae",17
"Neu6",2,"Seca","29/06/2017",5.10161944444445,-73.9623527777778,2631,15.46,6.04,7.67,16,54.14,0.23,46.6,6.46,"Sphaeriidae",2
"Neu6",2,"Seca","29/06/2017",5.10161944444445,-73.9623527777778,2631,15.46,6.04,7.67,16,54.14,0.23,46.6,6.46,"Planariidae",1
"Neu6",3,"Transición","13/09/2017",5.10161944444445,-73.9623527777778,2631,15.14,7.29,6.52,14,29,0.22,114,3.69,"Naididae",3
"Neu6",3,"Transición","13/09/2017",5.10161944444445,-73.9623527777778,2631,15.14,7.29,6.52,14,29,0.22,114,3.69,"Baetidae",4
"Neu6",3,"Transición","13/09/2017",5.10161944444445,-73.9623527777778,2631,15.14,7.29,6.52,14,29,0.22,114,3.69,"Empididae",1
"Neu6",3,"Transición","13/09/2017",5.10161944444445,-73.9623527777778,2631,15.13,7.27,6.75,13,48.7,0.28,113.33,3.23,"Chironomidae",49
"Neu6",3,"Transición","13/09/2017",5.10161944444445,-73.9623527777778,2631,15.13,7.27,6.75,13,48.7,0.28,113.33,3.23,"Naididae",8
"Neu6",3,"Transición","13/09/2017",5.10161944444445,-73.9623527777778,2631,15.13,7.27,6.75,13,48.7,0.28,113.33,3.23,"Planariidae",2
"Neu6",3,"Transición","13/09/2017",5.10161944444445,-73.9623527777778,2631,15.13,7.27,6.75,13,48.7,0.28,113.33,3.23,"Baetidae",3
"Neu6",5,"Seca","21/02/2018",5.10161944444445,-73.9623527777778,2631,15.9,7.37,7.23,69.15,42.86,0.19,64.87,2.17,"Simuliidae",56
"Neu6",5,"Seca","21/02/2018",5.10161944444445,-73.9623527777778,2631,15.9,7.37,7.23,69.15,42.86,0.19,64.87,2.17,"Chironomidae",9
"Neu6",5,"Seca","21/02/2018",5.10161944444445,-73.9623527777778,2631,15.9,7.37,7.23,69.15,42.86,0.19,64.87,2.17,"Baetidae",4
"Neu6",5,"Seca","21/02/2018",5.10161944444445,-73.9623527777778,2631,15.83,7.35,7.23,75.91,57.28,0.25,64.87,2.54,"Aeshnidae",4
"Neu6",5,"Seca","21/02/2018",5.10161944444445,-73.9623527777778,2631,15.83,7.35,7.23,75.91,57.28,0.25,64.87,2.54,"Corixidae",5
"Neu6",5,"Seca","21/02/2018",5.10161944444445,-73.9623527777778,2631,15.83,7.35,7.23,75.91,57.28,0.25,64.87,2.54,"Tipulidae",1
"Neu6",6,"Transición","14/03/2018",5.10161944444445,-73.9623527777778,2631,15.87,7.31,7.36,49.1,64.57,0.21,64.97,3.06,"Chironomidae",2
"Neu6",6,"Transición","14/03/2018",5.10161944444445,-73.9623527777778,2631,15.87,7.31,7.36,49.1,64.57,0.21,64.97,3.06,"Baetidae",6
"Neu6",6,"Transición","14/03/2018",5.10161944444445,-73.9623527777778,2631,15.87,7.31,7.36,49.1,64.57,0.21,64.97,3.06,"Leptoceridae",1
"Neu6",6,"Transición","14/03/2018",5.10161944444445,-73.9623527777778,2631,15.87,7.31,7.36,49.1,64.57,0.21,64.97,3.06,"Lumbricidae",2
"Neu6",6,"Transición","14/03/2018",5.10161944444445,-73.9623527777778,2631,15.6,7.34,7.35,67.5,61.43,0.19,65,2.42,"Chironomidae",4
"Neu6",6,"Transición","14/03/2018",5.10161944444445,-73.9623527777778,2631,15.6,7.34,7.35,67.5,61.43,0.19,65,2.42,"Naididae",3
"Neu6",7,"Lluvia","09/05/18",5.10161944444445,-73.9623527777778,2631,14.03,7.15,7.56,54,60.43,0.28,59.9,30.68,"Chironomidae",7
"Neu6",7,"Lluvia","09/05/18",5.10161944444445,-73.9623527777778,2631,14.03,7.15,7.56,54,60.43,0.28,59.9,30.68,"Simuliidae",26
"Neu6",7,"Lluvia","09/05/18",5.10161944444445,-73.9623527777778,2631,14.03,7.15,7.56,54,60.43,0.28,59.9,30.68,"Baetidae",13
"Neu6",7,"Lluvia","09/05/18",5.10161944444445,-73.9623527777778,2631,14.03,7.15,7.56,54,60.43,0.28,59.9,30.68,"Sphaeriidae",4
"Neu6",7,"Lluvia","09/05/18",5.10161944444445,-73.9623527777778,2631,14.03,7.15,7.56,54,60.43,0.28,59.9,30.68,"Physidae",1
"Neu6",7,"Lluvia","09/05/18",5.10161944444445,-73.9623527777778,2631,14.03,7.15,7.56,54,60.43,0.28,59.9,30.68,"Hydrophilidae",1
"Neu6",7,"Lluvia","09/05/18",5.10161944444445,-73.9623527777778,2631,14.03,7.15,7.56,54,60.43,0.28,59.9,30.68,"Naididae",5
"Neu6",8,"Seca","08/08/18",5.10161944444445,-73.9623527777778,2631,13.4,7.8,7.3,20.75,60.28,0.31,64.17,7.37,"Ptilodactylidae",1
"Neu6",8,"Seca","08/08/18",5.10161944444445,-73.9623527777778,2631,13.4,7.8,7.3,20.75,60.28,0.31,64.17,7.37,"Baetidae",2
"Neu6",8,"Seca","08/08/18",5.10161944444445,-73.9623527777778,2631,13.4,7.8,7.3,20.75,60.28,0.31,64.17,7.37,"Chironomidae",3
"Neu6",8,"Seca","08/08/18",5.10161944444445,-73.9623527777778,2631,13.4,7.8,7.3,20.75,60.28,0.31,64.17,7.37,"Simuliidae",10
"Neu6",8,"Seca","08/08/18",5.10161944444445,-73.9623527777778,2631,13.4,7.8,7.3,20.75,60.28,0.31,64.17,7.37,"Sphaeriidae",1
"Neu6",8,"Seca","08/08/18",5.10161944444445,-73.9623527777778,2631,13.4,7.8,7.3,20.75,60.28,0.31,64.17,7.37,"Lumbricidae",1
"Neu6",9,"Lluvia","17/10/2018",5.10161944444445,-73.9623527777778,2631,14.2,7.75,7.23,133.7,75.97,0.88,64.23,8.27,"Lumbricidae",2
"Neu6",9,"Lluvia","17/10/2018",5.10161944444445,-73.9623527777778,2631,14.2,7.72,7.3,22.03,47.85,0.09,64.57,9.65,"Chironomidae",14
"Neu6",9,"Lluvia","17/10/2018",5.10161944444445,-73.9623527777778,2631,14.2,7.72,7.3,22.03,47.85,0.09,64.57,9.65,"Simuliidae",38
"Neu6",9,"Lluvia","17/10/2018",5.10161944444445,-73.9623527777778,2631,14.2,7.72,7.3,22.03,47.85,0.09,64.57,9.65,"Tipulidae",1
"Neu7",2,"Seca","29/06/2017",5.08349444444444,-73.9346777777778,2573,15.84,7.31,7.26,41,66.14,0.11,47,5.07,"Planariidae",1
"Neu7",2,"Seca","29/06/2017",5.08349444444444,-73.9346777777778,2573,15.84,7.31,7.26,41,66.14,0.11,47,5.07,"Sphaeriidae",1
"Neu7",2,"Seca","29/06/2017",5.08349444444444,-73.9346777777778,2573,15.84,7.31,7.26,41,66.14,0.11,47,5.07,"Chironomidae",1
"Neu7",2,"Seca","29/06/2017",5.08349444444444,-73.9346777777778,2573,15.5,7.44,7.23,18,37,0.21,47.3,6.36,"Naididae",1
"Neu7",2,"Seca","29/06/2017",5.08349444444444,-73.9346777777778,2573,15.5,7.44,7.23,18,37,0.21,47.3,6.36,"Glossiphoniidae",2
"Neu7",2,"Seca","29/06/2017",5.08349444444444,-73.9346777777778,2573,15.31,7.46,7.45,39,21.57,0.22,47,6.46,"Simuliidae",11
"Neu7",3,"Transición","13/09/2017",5.08349444444444,-73.9346777777778,2573,15.65,8.1,7.03,61,57.8,0.14,113.33,1.55,"Simuliidae",20
"Neu7",3,"Transición","13/09/2017",5.08349444444444,-73.9346777777778,2573,15.65,8.1,7.03,61,57.8,0.14,113.33,1.55,"Glossiphoniidae",1
"Neu7",3,"Transición","13/09/2017",5.08349444444444,-73.9346777777778,2573,15.65,8.1,7.03,61,57.8,0.14,113.33,1.55,"Chironomidae",20
"Neu7",3,"Transición","13/09/2017",5.08349444444444,-73.9346777777778,2573,15.65,8.1,7.03,61,57.8,0.14,113.33,1.55,"Aeshnidae",1
"Neu7",3,"Transición","13/09/2017",5.08349444444444,-73.9346777777778,2573,15.65,8.1,7.03,61,57.8,0.14,113.33,1.55,"Baetidae",4
"Neu7",3,"Transición","13/09/2017",5.08349444444444,-73.9346777777778,2573,15.65,8.1,7.03,61,57.8,0.14,113.33,1.55,"Naididae",3
"Neu7",3,"Transición","13/09/2017",5.08349444444444,-73.9346777777778,2573,15.65,8.1,7.03,61,57.8,0.14,113.33,1.55,"Muscidae",1
"Neu7",3,"Transición","13/09/2017",5.08349444444444,-73.9346777777778,2573,15.8,8.6,6.51,31,28.14,0.18,112.33,1.74,"Simuliidae",7
"Neu7",3,"Transición","13/09/2017",5.08349444444444,-73.9346777777778,2573,15.8,8.6,6.51,31,28.14,0.18,112.33,1.74,"Chironomidae",10
"Neu7",3,"Transición","13/09/2017",5.08349444444444,-73.9346777777778,2573,15.8,8.6,6.51,31,28.14,0.18,112.33,1.74,"Baetidae",10
"Neu7",3,"Transición","13/09/2017",5.08349444444444,-73.9346777777778,2573,15.8,8.6,6.51,31,28.14,0.18,112.33,1.74,"Naididae",1
"Neu7",3,"Transición","13/09/2017",5.08349444444444,-73.9346777777778,2573,15.8,8.6,6.51,31,28.14,0.18,112.33,1.74,"Hydrophilidae",2
"Neu7",4,"Lluvia","19/10/2017",5.08349444444444,-73.9346777777778,2573,17.57,5.98,7.03,80,41.7,0.28,55.5,7.5,"Naididae",4
"Neu7",4,"Lluvia","19/10/2017",5.08349444444444,-73.9346777777778,2573,17.57,5.98,7.03,80,41.7,0.28,55.5,7.5,"Sphaeriidae",1
"Neu7",4,"Lluvia","19/10/2017",5.08349444444444,-73.9346777777778,2573,17.57,5.98,7.03,80,41.7,0.28,55.5,7.5,"Sphaeriidae",2
"Neu7",4,"Lluvia","19/10/2017",5.08349444444444,-73.9346777777778,2573,17.57,5.98,7.03,80,41.7,0.28,55.5,7.5,"Planariidae",1
"Neu7",4,"Lluvia","19/10/2017",5.08349444444444,-73.9346777777778,2573,17.57,5.98,7.03,80,41.7,0.28,55.5,7.5,"Chironomidae",8
"Neu7",4,"Lluvia","19/10/2017",5.08349444444444,-73.9346777777778,2573,17.57,5.98,7.03,80,41.7,0.28,55.5,7.5,"Physidae",1
"Neu7",4,"Lluvia","19/10/2017",5.08349444444444,-73.9346777777778,2573,15.69,7.05,7.09,88,82,0.14,76.67,7.21,"Chironomidae",3
"Neu7",4,"Lluvia","19/10/2017",5.08349444444444,-73.9346777777778,2573,15.69,7.05,7.09,88,82,0.14,76.67,7.21,"Dytiscidae",3
"Neu7",4,"Lluvia","19/10/2017",5.08349444444444,-73.9346777777778,2573,15.69,7.05,7.09,88,82,0.14,76.67,7.21,"Hydrophilidae",2
"Neu7",4,"Lluvia","19/10/2017",5.08349444444444,-73.9346777777778,2573,15.69,7.05,7.09,88,82,0.14,76.67,7.21,"Corixidae",1
"Neu7",4,"Lluvia","19/10/2017",5.08349444444444,-73.9346777777778,2573,15.69,7.05,7.09,88,82,0.14,76.67,7.21,"Simuliidae",5
"Neu7",4,"Lluvia","19/10/2017",5.08349444444444,-73.9346777777778,2573,15.69,7.05,7.09,88,82,0.14,76.67,7.21,"Mesoveliidae",1
"Neu7",4,"Lluvia","19/10/2017",5.08349444444444,-73.9346777777778,2573,15.69,7.05,7.09,88,82,0.14,76.67,7.21,"Glossiphoniidae",1
"Neu7",4,"Lluvia","19/10/2017",5.08349444444444,-73.9346777777778,2573,15.69,7.05,7.09,88,82,0.14,76.67,7.21,"Lumbricidae",1
"Neu7",5,"Seca","21/02/2018",5.08349444444444,-73.9346777777778,2573,15.03,7.34,6.87,123.54,40.85,0.16,65.4,1.31,"Aeshnidae",3
"Neu7",5,"Seca","21/02/2018",5.08349444444444,-73.9346777777778,2573,15.03,7.34,6.87,123.54,40.85,0.16,65.4,1.31,"Physidae",3
"Neu7",5,"Seca","21/02/2018",5.08349444444444,-73.9346777777778,2573,15.03,7.34,6.87,123.54,40.85,0.16,65.4,1.31,"Chironomidae",7
"Neu7",5,"Seca","21/02/2018",5.08349444444444,-73.9346777777778,2573,15.03,7.34,6.87,123.54,40.85,0.16,65.4,1.31,"Corixidae",13
"Neu7",5,"Seca","21/02/2018",5.08349444444444,-73.9346777777778,2573,15.03,7.34,6.87,123.54,40.85,0.16,65.4,1.31,"Gerridae",1
"Neu7",5,"Seca","21/02/2018",5.08349444444444,-73.9346777777778,2573,14.8,6.38,6.71,176.53,58.28,0.22,66.3,2.43,"Notonectidae",1
"Neu7",5,"Seca","21/02/2018",5.08349444444444,-73.9346777777778,2573,14.8,6.38,6.71,176.53,58.28,0.22,66.3,2.43,"Aeshnidae",1
"Neu7",5,"Seca","21/02/2018",5.08349444444444,-73.9346777777778,2573,14.8,6.38,6.71,176.53,58.28,0.22,66.3,2.43,"Physidae",5
"Neu7",5,"Seca","21/02/2018",5.08349444444444,-73.9346777777778,2573,14.8,6.38,6.71,176.53,58.28,0.22,66.3,2.43,"Simuliidae",14
"Neu7",5,"Seca","21/02/2018",5.08349444444444,-73.9346777777778,2573,14.8,6.38,6.71,176.53,58.28,0.22,66.3,2.43,"Chironomidae",22
"Neu7",5,"Seca","21/02/2018",5.08349444444444,-73.9346777777778,2573,14.8,6.38,6.71,176.53,58.28,0.22,66.3,2.43,"Corixidae",4
"Neu7",6,"Transición","14/03/2018",5.08349444444444,-73.9346777777778,2573,13.5,7.2,6.8,176.53,78.42,0.24,65,2.77,"Glossiphoniidae",1
"Neu7",6,"Transición","14/03/2018",5.08349444444444,-73.9346777777778,2573,13.5,7.2,6.8,176.53,78.42,0.24,65,2.77,"Planariidae",1
"Neu7",6,"Transición","14/03/2018",5.08349444444444,-73.9346777777778,2573,13.5,7.2,6.8,176.53,78.42,0.24,65,2.77,"Corixidae",9
"Neu7",6,"Transición","14/03/2018",5.08349444444444,-73.9346777777778,2573,13.5,7.2,6.8,176.53,78.42,0.24,65,2.77,"Baetidae",4
"Neu7",6,"Transición","14/03/2018",5.08349444444444,-73.9346777777778,2573,13.5,7.2,6.8,176.53,78.42,0.24,65,2.77,"Physidae",16
"Neu7",6,"Transición","14/03/2018",5.08349444444444,-73.9346777777778,2573,13.5,7.2,6.8,176.53,78.42,0.24,65,2.77,"Notonectidae",1
"Neu7",6,"Transición","14/03/2018",5.08349444444444,-73.9346777777778,2573,13.6,7.2,6.9,123.54,63.14,0.18,65.1,2.08,"Corixidae",2
"Neu7",6,"Transición","14/03/2018",5.08349444444444,-73.9346777777778,2573,13.6,7.2,6.9,123.54,63.14,0.18,65.1,2.08,"Lumbricidae",5
"Neu7",6,"Transición","14/03/2018",5.08349444444444,-73.9346777777778,2573,13.6,7.2,6.9,123.54,63.14,0.18,65.1,2.08,"Aeshnidae",7
"Neu7",6,"Transición","14/03/2018",5.08349444444444,-73.9346777777778,2573,13.6,7.2,6.9,123.54,63.14,0.18,65.1,2.08,"Chironomidae",7
"Neu7",6,"Transición","14/03/2018",5.08349444444444,-73.9346777777778,2573,13.6,7.2,6.9,123.54,63.14,0.18,65.1,2.08,"Gerridae",1
"Neu7",6,"Transición","14/03/2018",5.08349444444444,-73.9346777777778,2573,15.7,7.9,7.1,123.54,64.29,0.21,64.1,1.42,"Planariidae",1
"Neu7",6,"Transición","14/03/2018",5.08349444444444,-73.9346777777778,2573,15.7,7.9,7.1,123.54,64.29,0.21,64.1,1.42,"Corixidae",17
"Neu7",6,"Transición","14/03/2018",5.08349444444444,-73.9346777777778,2573,15.7,7.9,7.1,123.54,64.29,0.21,64.1,1.42,"Baetidae",3
"Neu7",6,"Transición","14/03/2018",5.08349444444444,-73.9346777777778,2573,15.7,7.9,7.1,123.54,64.29,0.21,64.1,1.42,"Physidae",29
"Neu7",7,"Lluvia","09/05/18",5.08349444444444,-73.9346777777778,2573,15.8,7.84,7.01,416,42.78,0.19,67.87,19.07,"Aeshnidae",3
"Neu7",7,"Lluvia","09/05/18",5.08349444444444,-73.9346777777778,2573,15.8,7.84,7.01,416,42.78,0.19,67.87,19.07,"Simuliidae",59
"Neu7",7,"Lluvia","09/05/18",5.08349444444444,-73.9346777777778,2573,15.8,7.84,7.01,416,42.78,0.19,67.87,19.07,"Planariidae",3
"Neu7",7,"Lluvia","09/05/18",5.08349444444444,-73.9346777777778,2573,15.8,7.84,7.01,416,42.78,0.19,67.87,19.07,"Corixidae",1
"Neu7",7,"Lluvia","09/05/18",5.08349444444444,-73.9346777777778,2573,15.8,7.84,7.01,416,42.78,0.19,67.87,19.07,"Baetidae",2
"Neu7",7,"Lluvia","09/05/18",5.08349444444444,-73.9346777777778,2573,15.8,7.84,7.01,416,42.78,0.19,67.87,19.07,"Physidae",22
"Neu7",7,"Lluvia","09/05/18",5.08349444444444,-73.9346777777778,2573,15.8,7.84,7.01,416,42.78,0.19,67.87,19.07,"Notonectidae",1
"Neu7",7,"Lluvia","09/05/18",5.08349444444444,-73.9346777777778,2573,15.8,7.84,7.01,416,42.78,0.19,67.87,19.07,"Lumbricidae",2
"Neu7",7,"Lluvia","09/05/18",5.08349444444444,-73.9346777777778,2573,15.8,7.84,7.01,416,42.78,0.19,67.87,19.07,"Coenagrionidae",1
"Neu7",7,"Lluvia","09/05/18",5.08349444444444,-73.9346777777778,2573,15.8,7.84,7.01,416,42.78,0.19,67.87,19.07,"Sphaeriidae",2
"Neu7",7,"Lluvia","09/05/18",5.08349444444444,-73.9346777777778,2573,15.5,8.08,6.86,167,46.57,0.11,67.7,22.49,"Aeshnidae",1
"Neu7",7,"Lluvia","09/05/18",5.08349444444444,-73.9346777777778,2573,15.5,8.08,6.86,167,46.57,0.11,67.7,22.49,"Simuliidae",12
"Neu7",7,"Lluvia","09/05/18",5.08349444444444,-73.9346777777778,2573,15.5,8.08,6.86,167,46.57,0.11,67.7,22.49,"Planariidae",1
"Neu7",7,"Lluvia","09/05/18",5.08349444444444,-73.9346777777778,2573,15.5,8.08,6.86,167,46.57,0.11,67.7,22.49,"Corixidae",1
"Neu7",7,"Lluvia","09/05/18",5.08349444444444,-73.9346777777778,2573,15.5,8.08,6.86,167,46.57,0.11,67.7,22.49,"Baetidae",1
"Neu7",7,"Lluvia","09/05/18",5.08349444444444,-73.9346777777778,2573,15.5,8.08,6.86,167,46.57,0.11,67.7,22.49,"Chironomidae",7
