Estacion,Muestra,Epoca,Fecha,Latitud,Longitud,Altitud,UHM,Area,Profundidad,Velocidad,Temperatura,Ox_disuelto,pH,Conductividad,Turbidez,Solidos.disueltos,Familia,Individuos
Neu5,1,Lluvia,08/06/2017,5.11036944444445,-73.9705888888889,2682,Rapid,23.4,79.5,0.31,14.66,4.68,7.27,55.22,3.53,27.89,Aeshnidae,1
Neu5,1,Lluvia,08/06/2017,5.11036944444445,-73.9705888888889,2682,Pool,59,86,0.05,14.66,4.4,7.27,55.22,3.02,26.52,Notonectidae,2
Neu5,1,Lluvia,08/06/2017,5.11036944444445,-73.9705888888889,2682,Pool,59,86,0.05,14.66,4.4,7.27,55.22,3.02,26.52,Glossiphoniidae,1
Neu5,1,Lluvia,08/06/2017,5.11036944444445,-73.9705888888889,2682,Pool,59,86,0.05,14.66,4.4,7.27,55.22,3.02,26.52,Chironomidae,1
Neu5,1,Lluvia,08/06/2017,5.11036944444445,-73.9705888888889,2682,Pool,59,86,0.05,14.66,4.4,7.27,55.22,3.02,26.52,Sphaeriidae,2
Neu6,1,Lluvia,08/06/2017,5.10161944444445,-73.9623527777778,2631,Rapid,11.9,79.8,0.22,14.74,4.67,7.18,54.5,30.1,27.33,Naididae,2
Neu6,1,Lluvia,08/06/2017,5.10161944444445,-73.9623527777778,2631,Rapid,11.9,79.8,0.22,14.74,4.67,7.18,54.5,30.1,27.33,Glossiphoniidae,2
Neu6,1,Lluvia,08/06/2017,5.10161944444445,-73.9623527777778,2631,Riffle,9.1,25.2,0.16,14.74,4.67,7.18,54.5,30.1,27.33,Naididae,4
Neu6,1,Lluvia,08/06/2017,5.10161944444445,-73.9623527777778,2631,Riffle,9.1,25.2,0.16,14.74,4.67,7.18,54.5,30.1,27.33,Glossiphoniidae,3
Neu7,1,Lluvia,08/06/2017,5.08349444444444,-73.9346777777778,2573,Pool,46.6,74,0.22,15.92,4.77,7.22,53,6.11,26.67,Naididae,2
Neu7,1,Lluvia,08/06/2017,5.08349444444444,-73.9346777777778,2573,Pool,46.6,74,0.22,15.92,4.77,7.22,53,6.11,26.67,Glossiphoniidae,3
Neu7,1,Lluvia,08/06/2017,5.08349444444444,-73.9346777777778,2573,Pool,46.6,74,0.22,15.92,4.77,7.22,53,6.11,26.67,Chironomidae,2
Neu7,1,Lluvia,08/06/2017,5.08349444444444,-73.9346777777778,2573,Pool,46.6,74,0.22,15.92,4.77,7.22,53,6.11,26.67,Physidae,2
Neu7,1,Lluvia,08/06/2017,5.08349444444444,-73.9346777777778,2573,Pool,46.6,74,0.22,15.92,4.77,7.22,53,6.11,26.67,Sphaeriidae,6
Neu7,1,Lluvia,08/06/2017,5.08349444444444,-73.9346777777778,2573,Pool,46.6,74,0.22,15.92,4.77,7.22,53,6.11,26.67,Planariidae,2
Neu7,1,Lluvia,08/06/2017,5.08349444444444,-73.9346777777778,2573,Riffle,63.8,16.12,0.29,15.92,4.77,7.22,53,6.11,26.67,Physidae,2
Neu7,1,Lluvia,08/06/2017,5.08349444444444,-73.9346777777778,2573,Riffle,63.8,16.12,0.29,15.92,4.77,7.22,53,6.11,26.67,Sphaeriidae,4
Neu7,1,Lluvia,08/06/2017,5.08349444444444,-73.9346777777778,2573,Glide,22.2,44.2,0.28,15.92,4.77,7.22,53,6.11,26.67,Planariidae,3
Neu7,1,Lluvia,08/06/2017,5.08349444444444,-73.9346777777778,2573,Glide,22.2,44.2,0.28,15.92,4.77,7.22,53,6.11,26.67,Sphaeriidae,5
Neu7,1,Lluvia,08/06/2017,5.08349444444444,-73.9346777777778,2573,Glide,22.2,44.2,0.28,15.92,4.77,7.22,53,6.11,26.67,Glossiphoniidae,2
Neu1,2,Seca,29/06/2017,5.16080555555556,-73.9949222222222,3051,Pool,29.6,69.42,0.18,11.7,6.4,7.3,61.6,4.72,10.5,Naididae,4
Neu1,2,Seca,29/06/2017,5.16080555555556,-73.9949222222222,3051,Pool,29.6,69.42,0.18,11.7,6.4,7.3,61.6,4.72,10.5,Simuliidae,1
Neu1,2,Seca,29/06/2017,5.16080555555556,-73.9949222222222,3051,Pool,29.6,69.42,0.18,11.7,6.4,7.3,61.6,4.72,10.5,Chironomidae,9
Neu2,2,Seca,29/06/2017,5.16020027777778,-73.9935388888889,3044,Riffle,83.6,34.71,0.21,11.45,6.65,7.46,60.3,5.76,11.3,Naididae,2
Neu2,2,Seca,29/06/2017,5.16020027777778,-73.9935388888889,3044,Riffle,83.6,34.71,0.21,11.45,6.65,7.46,60.3,5.76,11.3,Tipulidae,3
Neu2,2,Seca,29/06/2017,5.16020027777778,-73.9935388888889,3044,Riffle,83.6,34.71,0.21,11.45,6.65,7.46,60.3,5.76,11.3,Chironomidae,7
Neu2,2,Seca,29/06/2017,5.16020027777778,-73.9935388888889,3044,Riffle,83.6,34.71,0.21,11.45,6.65,7.46,60.3,5.76,11.3,Corixidae,1
Neu2,2,Seca,29/06/2017,5.16020027777778,-73.9935388888889,3044,Riffle,83.6,34.71,0.21,11.45,6.65,7.46,60.3,5.76,11.3,Gerridae,1
Neu3,2,Seca,29/06/2017,5.15068333333333,-73.9825555555556,2995,Pool,75,55.62,0.07,10.47,6.46,7.74,55,4.91,10.6,Baetidae,1
Neu3,2,Seca,29/06/2017,5.15068333333333,-73.9825555555556,2995,Pool,75,55.62,0.07,10.47,6.46,7.74,55,4.91,10.6,Hydroptilidae,1
Neu3,2,Seca,29/06/2017,5.15068333333333,-73.9825555555556,2995,Pool,75,55.62,0.07,10.47,6.46,7.74,55,4.91,10.6,Chironomidae,5
Neu3,2,Seca,29/06/2017,5.15068333333333,-73.9825555555556,2995,Pool,75,55.62,0.07,10.47,6.46,7.74,55,4.91,10.6,Planariidae,1
Neu5,2,Seca,29/06/2017,5.11036944444445,-73.9705888888889,2682,Rapid,108,80.85,0.22,15.22,6.53,7.27,50,4.86,13.2,Tipulidae,1
Neu5,2,Seca,29/06/2017,5.11036944444445,-73.9705888888889,2682,Rapid,108,80.85,0.22,15.22,6.53,7.27,50,4.86,13.2,Odontoceridae,7
Neu5,2,Seca,29/06/2017,5.11036944444445,-73.9705888888889,2682,Rapid,108,80.85,0.22,15.22,6.53,7.27,50,4.86,13.2,Naididae,1
Neu5,2,Seca,29/06/2017,5.11036944444445,-73.9705888888889,2682,Rapid,108,80.85,0.22,15.22,6.53,7.27,50,4.86,13.2,Chironomidae,3
Neu5,2,Seca,29/06/2017,5.11036944444445,-73.9705888888889,2682,Pool,9.64,81.14,0.1,15.26,6.74,7.49,49.6,4.12,12.2,Sphaeriidae,1
Neu5,2,Seca,29/06/2017,5.11036944444445,-73.9705888888889,2682,Rapid,22,29.42,0.22,15.27,6.18,7.62,47.33,6.07,11.4,Simuliidae,5
Neu5,2,Seca,29/06/2017,5.11036944444445,-73.9705888888889,2682,Rapid,22,29.42,0.22,15.27,6.18,7.62,47.33,6.07,11.4,Leptoceridae,2
Neu5,2,Seca,29/06/2017,5.11036944444445,-73.9705888888889,2682,Rapid,22,29.42,0.22,15.27,6.18,7.62,47.33,6.07,11.4,Naididae,4
Neu5,2,Seca,29/06/2017,5.11036944444445,-73.9705888888889,2682,Rapid,22,29.42,0.22,15.27,6.18,7.62,47.33,6.07,11.4,Glossiphoniidae,2
Neu5,2,Seca,29/06/2017,5.11036944444445,-73.9705888888889,2682,Rapid,22,29.42,0.22,15.27,6.18,7.62,47.33,6.07,11.4,Baetidae,3
Neu6,2,Seca,29/06/2017,5.10161944444445,-73.9623527777778,2631,Rapid,24,66,0.26,15.58,7.03,7.23,48,5.17,13.2,Baetidae,1
Neu6,2,Seca,29/06/2017,5.10161944444445,-73.9623527777778,2631,Rapid,24,66,0.26,15.58,7.03,7.23,48,5.17,13.2,Simuliidae,1
Neu6,2,Seca,29/06/2017,5.10161944444445,-73.9623527777778,2631,Riffle,12,60,0.17,15.54,6.25,7.23,47.33,5.68,12.4,Chironomidae,17
Neu6,2,Seca,29/06/2017,5.10161944444445,-73.9623527777778,2631,Rapid,16,54.14,0.23,15.46,6.04,7.67,46.6,6.46,13.5,Sphaeriidae,2
Neu6,2,Seca,29/06/2017,5.10161944444445,-73.9623527777778,2631,Rapid,16,54.14,0.23,15.46,6.04,7.67,46.6,6.46,13.5,Planariidae,1
Neu7,2,Seca,29/06/2017,5.08349444444444,-73.9346777777778,2575,Pool,41,66.14,0.11,15.84,7.31,7.26,47,5.07,11.6,Planariidae,1
Neu7,2,Seca,29/06/2017,5.08349444444444,-73.9346777777778,2575,Pool,41,66.14,0.11,15.84,7.31,7.26,47,5.07,11.6,Sphaeriidae,1
Neu7,2,Seca,29/06/2017,5.08349444444444,-73.9346777777778,2575,Pool,41,66.14,0.11,15.84,7.31,7.26,47,5.07,11.6,Chironomidae,1
Neu7,2,Seca,29/06/2017,5.08349444444444,-73.9346777777778,2575,Glide,18,37,0.21,15.5,7.44,7.23,47.3,6.36,10.5,Naididae,1
Neu7,2,Seca,29/06/2017,5.08349444444444,-73.9346777777778,2575,Glide,18,37,0.21,15.5,7.44,7.23,47.3,6.36,10.5,Glossiphoniidae,2
Neu7,2,Seca,29/06/2017,5.08349444444444,-73.9346777777778,2575,Riffle,39,21.57,0.22,15.31,7.46,7.45,47,6.46,13.4,Simuliidae,11
Neu1,3,Transición,13/09/2017,5.16080555555556,-73.9949222222222,3051,Pool,12,62.14,0.01,11.5,7.8,7.4,152.6,1.9,76.6,Chironomidae,30
Neu1,3,Transición,13/09/2017,5.16080555555556,-73.9949222222222,3051,Pool,12,62.14,0.01,11.5,7.8,7.4,152.6,1.9,76.6,Tipulidae,2
Neu1,3,Transición,13/09/2017,5.16080555555556,-73.9949222222222,3051,Pool,12,62.14,0.01,11.5,7.8,7.4,152.6,1.9,76.6,Lumbricidae,2
Neu1,3,Transición,13/09/2017,5.16080555555556,-73.9949222222222,3051,Pool,12,62.14,0.01,11.5,7.8,7.4,152.6,1.9,76.6,Sphaeriidae,5
Neu1,3,Transición,13/09/2017,5.16080555555556,-73.9949222222222,3051,Pool,12,62.14,0.01,11.5,7.8,7.4,152.6,1.9,76.6,Glossiphoniidae,1
Neu1,3,Transición,13/09/2017,5.16080555555556,-73.9949222222222,3051,Pool,12,62.14,0.01,11.5,7.8,7.4,152.6,1.9,76.6,Leptoceridae,2
Neu1,3,Transición,13/09/2017,5.16080555555556,-73.9949222222222,3051,Riffle,41,28.43,0.2,11.4,7.8,7,153,1.5,76.3,Chironomidae,9
Neu1,3,Transición,13/09/2017,5.16080555555556,-73.9949222222222,3051,Riffle,41,28.43,0.2,11.4,7.8,7,153,1.5,76.3,Simuliidae,1
Neu1,3,Transición,13/09/2017,5.16080555555556,-73.9949222222222,3051,Riffle,41,28.43,0.2,11.4,7.8,7,153,1.5,76.3,Sphaeriidae,3
Neu1,3,Transición,13/09/2017,5.16080555555556,-73.9949222222222,3051,Riffle,41,28.43,0.2,11.4,7.8,7,153,1.5,76.3,Naididae,3
Neu1,3,Transición,13/09/2017,5.16080555555556,-73.9949222222222,3051,Riffle,41,28.43,0.2,11.4,7.8,7,153,1.5,76.3,Baetidae,2
Neu1,3,Transición,13/09/2017,5.16080555555556,-73.9949222222222,3051,Pool,28,63,0.14,11.3,7.8,7.5,151.3,1.3,75.6,Chironomidae,20
Neu1,3,Transición,13/09/2017,5.16080555555556,-73.9949222222222,3051,Pool,28,63,0.14,11.3,7.8,7.5,151.3,1.3,75.6,Tipulidae,3
Neu1,3,Transición,13/09/2017,5.16080555555556,-73.9949222222222,3051,Pool,28,63,0.14,11.3,7.8,7.5,151.3,1.3,75.6,Lumbricidae,1
Neu1,3,Transición,13/09/2017,5.16080555555556,-73.9949222222222,3051,Pool,28,63,0.14,11.3,7.8,7.5,151.3,1.3,75.6,Simuliidae,2
Neu1,3,Transición,13/09/2017,5.16080555555556,-73.9949222222222,3051,Pool,28,63,0.14,11.3,7.8,7.5,151.3,1.3,75.6,Sphaeriidae,8
Neu1,3,Transición,13/09/2017,5.16080555555556,-73.9949222222222,3051,Pool,28,63,0.14,11.3,7.8,7.5,151.3,1.3,75.6,Naididae,5
Neu2,3,Transición,13/09/2017,5.16020027777778,-73.9935388888889,3044,Riffle,56,26.75,0.18,11.09,7.12,7.12,150.3,2.13,75.67,Chironomidae,10
Neu2,3,Transición,13/09/2017,5.16020027777778,-73.9935388888889,3044,Riffle,56,26.75,0.18,11.09,7.12,7.12,150.3,2.13,75.67,Tipulidae,6
Neu2,3,Transición,13/09/2017,5.16020027777778,-73.9935388888889,3044,Riffle,56,26.75,0.18,11.09,7.12,7.12,150.3,2.13,75.67,Lumbricidae,8
Neu2,3,Transición,13/09/2017,5.16020027777778,-73.9935388888889,3044,Riffle,56,26.75,0.18,11.09,7.12,7.12,150.3,2.13,75.67,Simuliidae,10
Neu2,3,Transición,13/09/2017,5.16020027777778,-73.9935388888889,3044,Pool,41,17.6,0.12,11.1,7.78,7.02,151.3,1.55,75.3,Chironomidae,14
Neu2,3,Transición,13/09/2017,5.16020027777778,-73.9935388888889,3044,Pool,41,17.6,0.12,11.1,7.78,7.02,151.3,1.55,75.3,Tipulidae,2
Neu2,3,Transición,13/09/2017,5.16020027777778,-73.9935388888889,3044,Pool,41,17.6,0.12,11.1,7.78,7.02,151.3,1.55,75.3,Lumbricidae,16
Neu2,3,Transición,13/09/2017,5.16020027777778,-73.9935388888889,3044,Pool,41,17.6,0.12,11.1,7.78,7.02,151.3,1.55,75.3,Simuliidae,19
Neu2,3,Transición,13/09/2017,5.16020027777778,-73.9935388888889,3044,Pool,41,17.6,0.12,11.1,7.78,7.02,151.3,1.55,75.3,Mesoveliidae,3
Neu3,3,Transición,13/09/2017,5.15068333333333,-73.9825555555556,2995,Riffle,12,44.5,0.17,12.9,7.5,7.27,141,1.16,70,Chironomidae,9
Neu3,3,Transición,13/09/2017,5.15068333333333,-73.9825555555556,2995,Riffle,12,44.5,0.17,12.9,7.5,7.27,141,1.16,70,Simuliidae,41
Neu3,3,Transición,13/09/2017,5.15068333333333,-73.9825555555556,2995,Glide,77,54.8,0.07,12.9,7.51,7.16,140.67,0.85,70,Chironomidae,18
Neu3,3,Transición,13/09/2017,5.15068333333333,-73.9825555555556,2995,Glide,77,54.8,0.07,12.9,7.51,7.16,140.67,0.85,70,Sphaeriidae,6
Neu3,3,Transición,13/09/2017,5.15068333333333,-73.9825555555556,2995,Glide,77,54.8,0.07,12.9,7.51,7.16,140.67,0.85,70,Glossiphoniidae,1
Neu3,3,Transición,13/09/2017,5.15068333333333,-73.9825555555556,2995,Glide,77,54.8,0.07,12.9,7.51,7.16,140.67,0.85,70,Tipulidae,1
Neu3,3,Transición,13/09/2017,5.15068333333333,-73.9825555555556,2995,Glide,77,54.8,0.07,12.9,7.51,7.16,140.67,0.85,70,Hyalellidae,1
Neu3,3,Transición,13/09/2017,5.15068333333333,-73.9825555555556,2995,Glide,77,54.8,0.07,12.9,7.51,7.16,140.67,0.85,70,Lumbricidae,1
Neu3,3,Transición,13/09/2017,5.15068333333333,-73.9825555555556,2995,Pool,56,34,0.3,13.02,7.55,7.8,140.67,2.45,67.67,Chironomidae,6
Neu3,3,Transición,13/09/2017,5.15068333333333,-73.9825555555556,2995,Pool,56,34,0.3,13.02,7.55,7.8,140.67,2.45,67.67,Sphaeriidae,4
Neu3,3,Transición,13/09/2017,5.15068333333333,-73.9825555555556,2995,Pool,56,34,0.3,13.02,7.55,7.8,140.67,2.45,67.67,Physidae,1
Neu4,3,Transición,13/09/2017,5.12785833333333,-73.9678055555555,2893,Pool,12,75,0.16,14.56,7.33,6.79,117,2.93,59,Naididae,2
Neu4,3,Transición,13/09/2017,5.12785833333333,-73.9678055555555,2893,Pool,12,75,0.16,14.56,7.33,6.79,117,2.93,59,Baetidae,9
Neu4,3,Transición,13/09/2017,5.12785833333333,-73.9678055555555,2893,Pool,12,75,0.16,14.56,7.33,6.79,117,2.93,59,Empididae,1
Neu4,3,Transición,13/09/2017,5.12785833333333,-73.9678055555555,2893,Pool,12,75,0.16,14.56,7.33,6.79,117,2.93,59,Chironomidae,3
Neu4,3,Transición,13/09/2017,5.12785833333333,-73.9678055555555,2893,Pool,12,75,0.16,14.56,7.33,6.79,117,2.93,59,Mesoveliidae,1
Neu4,3,Transición,13/09/2017,5.12785833333333,-73.9678055555555,2893,Pool,12,75,0.16,14.56,7.33,6.79,117,2.93,59,Sphaeriidae,2
Neu4,3,Transición,13/09/2017,5.12785833333333,-73.9678055555555,2893,Riffle,15,44.4,0.27,14.58,7.35,6.64,118,2.51,59,Naididae,1
Neu4,3,Transición,13/09/2017,5.12785833333333,-73.9678055555555,2893,Riffle,15,44.4,0.27,14.58,7.35,6.64,118,2.51,59,Chironomidae,23
Neu4,3,Transición,13/09/2017,5.12785833333333,-73.9678055555555,2893,Riffle,15,44.4,0.27,14.58,7.35,6.64,118,2.51,59,Planariidae,2
Neu4,3,Transición,13/09/2017,5.12785833333333,-73.9678055555555,2893,Riffle,15,44.4,0.27,14.58,7.35,6.64,118,2.51,59,Simuliidae,8
Neu6,3,Transición,13/09/2017,5.10161944444445,-73.9623527777778,2631,Riffle,14,29,0.22,15.14,7.29,6.52,114,3.69,57,Naididae,3
Neu6,3,Transición,13/09/2017,5.10161944444445,-73.9623527777778,2631,Riffle,14,29,0.22,15.14,7.29,6.52,114,3.69,57,Baetidae,4
Neu6,3,Transición,13/09/2017,5.10161944444445,-73.9623527777778,2631,Riffle,14,29,0.22,15.14,7.29,6.52,114,3.69,57,Empididae,1
Neu6,3,Transición,13/09/2017,5.10161944444445,-73.9623527777778,2631,Rapid,13,48.7,0.28,15.13,7.27,6.75,113.33,3.23,56.67,Chironomidae,49
Neu6,3,Transición,13/09/2017,5.10161944444445,-73.9623527777778,2631,Rapid,13,48.7,0.28,15.13,7.27,6.75,113.33,3.23,56.67,Naididae,8
Neu6,3,Transición,13/09/2017,5.10161944444445,-73.9623527777778,2631,Rapid,13,48.7,0.28,15.13,7.27,6.75,113.33,3.23,56.67,Planariidae,2
Neu6,3,Transición,13/09/2017,5.10161944444445,-73.9623527777778,2631,Rapid,13,48.7,0.28,15.13,7.27,6.75,113.33,3.23,56.67,Baetidae,3
Neu7,3,Transición,13/09/2017,5.08349444444444,-73.9346777777778,2575,Glide,61,57.8,0.14,15.65,8.1,7.03,113.33,1.55,1.74,Simuliidae,20
Neu7,3,Transición,13/09/2017,5.08349444444444,-73.9346777777778,2575,Glide,61,57.8,0.14,15.65,8.1,7.03,113.33,1.55,1.74,Glossiphoniidae,1
Neu7,3,Transición,13/09/2017,5.08349444444444,-73.9346777777778,2575,Glide,61,57.8,0.14,15.65,8.1,7.03,113.33,1.55,1.74,Chironomidae,20
Neu7,3,Transición,13/09/2017,5.08349444444444,-73.9346777777778,2575,Glide,61,57.8,0.14,15.65,8.1,7.03,113.33,1.55,1.74,Aeshnidae,1
Neu7,3,Transición,13/09/2017,5.08349444444444,-73.9346777777778,2575,Glide,61,57.8,0.14,15.65,8.1,7.03,113.33,1.55,1.74,Baetidae,4
Neu7,3,Transición,13/09/2017,5.08349444444444,-73.9346777777778,2575,Glide,61,57.8,0.14,15.65,8.1,7.03,113.33,1.55,1.74,Naididae,3
Neu7,3,Transición,13/09/2017,5.08349444444444,-73.9346777777778,2575,Glide,61,57.8,0.14,15.65,8.1,7.03,113.33,1.55,1.74,Muscidae,1
Neu7,3,Transición,13/09/2017,5.08349444444444,-73.9346777777778,2575,Riffle,31,28.14,0.18,15.8,8.6,6.51,112.33,1.74,56,Simuliidae,7
Neu7,3,Transición,13/09/2017,5.08349444444444,-73.9346777777778,2575,Riffle,31,28.14,0.18,15.8,8.6,6.51,112.33,1.74,56,Chironomidae,10
Neu7,3,Transición,13/09/2017,5.08349444444444,-73.9346777777778,2575,Riffle,31,28.14,0.18,15.8,8.6,6.51,112.33,1.74,56,Baetidae,10
Neu7,3,Transición,13/09/2017,5.08349444444444,-73.9346777777778,2575,Riffle,31,28.14,0.18,15.8,8.6,6.51,112.33,1.74,56,Naididae,1
Neu7,3,Transición,13/09/2017,5.08349444444444,-73.9346777777778,2575,Riffle,31,28.14,0.18,15.8,8.6,6.51,112.33,1.74,56,Hydrophilidae,2
Neu1,4,Lluvia,19/10/2017,5.16080555555556,-73.9949222222222,3051,Pool,36.4,66.28,0.15,11.5,6.31,7.49,46,0.27,31,Simuliidae,2
Neu1,4,Lluvia,19/10/2017,5.16080555555556,-73.9949222222222,3051,Pool,36.4,66.28,0.15,11.5,6.31,7.49,46,0.27,31,Chironomidae,26
Neu1,4,Lluvia,19/10/2017,5.16080555555556,-73.9949222222222,3051,Pool,36.4,66.28,0.15,11.5,6.31,7.49,46,0.27,31,Naididae,6
Neu1,4,Lluvia,19/10/2017,5.16080555555556,-73.9949222222222,3051,Pool,36.4,66.28,0.15,11.5,6.31,7.49,46,0.27,31,Sphaeriidae,1
Neu1,4,Lluvia,19/10/2017,5.16080555555556,-73.9949222222222,3051,Riffle,41.5,39.14,0.2,11.56,6.79,7.05,22.33,0.33,11,Tipulidae,2
Neu1,4,Lluvia,19/10/2017,5.16080555555556,-73.9949222222222,3051,Riffle,41.5,39.14,0.2,11.56,6.79,7.05,22.33,0.33,11,Simuliidae,1
Neu1,4,Lluvia,19/10/2017,5.16080555555556,-73.9949222222222,3051,Riffle,41.5,39.14,0.2,11.56,6.79,7.05,22.33,0.33,11,Chironomidae,17
Neu1,4,Lluvia,19/10/2017,5.16080555555556,-73.9949222222222,3051,Riffle,41.5,39.14,0.2,11.56,6.79,7.05,22.33,0.33,11,Naididae,2
Neu1,4,Lluvia,19/10/2017,5.16080555555556,-73.9949222222222,3051,Riffle,41.5,39.14,0.2,11.56,6.79,7.05,22.33,0.33,11,Nymphalidae,1
Neu1,4,Lluvia,19/10/2017,5.16080555555556,-73.9949222222222,3051,Riffle,41.5,39.14,0.2,11.56,6.79,7.05,22.33,0.33,11,Sphaeriidae,1
Neu1,4,Lluvia,19/10/2017,5.16080555555556,-73.9949222222222,3051,Riffle,41.5,39.14,0.2,11.56,6.79,7.05,22.33,0.33,11,Leptoceridae,1
Neu1,4,Lluvia,19/10/2017,5.16080555555556,-73.9949222222222,3051,Riffle,41.5,39.14,0.2,11.56,6.79,7.05,22.33,0.33,11,Lumbricidae,2
Neu1,4,Lluvia,19/10/2017,5.16080555555556,-73.9949222222222,3051,Pool,17.9,37.3,0.06,11.6,6.61,7.14,30.33,0.55,16,Tipulidae,4
Neu1,4,Lluvia,19/10/2017,5.16080555555556,-73.9949222222222,3051,Pool,17.9,37.3,0.06,11.6,6.61,7.14,30.33,0.55,16,Chironomidae,48
Neu1,4,Lluvia,19/10/2017,5.16080555555556,-73.9949222222222,3051,Pool,17.9,37.3,0.06,11.6,6.61,7.14,30.33,0.55,16,Sphaeriidae,2
Neu1,4,Lluvia,19/10/2017,5.16080555555556,-73.9949222222222,3051,Pool,17.9,37.3,0.06,11.6,6.61,7.14,30.33,0.55,16,Glossiphoniidae,1
Neu1,4,Lluvia,19/10/2017,5.16080555555556,-73.9949222222222,3051,Pool,17.9,37.3,0.06,11.6,6.61,7.14,30.33,0.55,16,Lumbricidae,10
Neu2,4,Lluvia,19/10/2017,5.16020027777778,-73.9935388888889,3044,Riffle,58.8,33.14,0.22,10.76,7.02,7.23,71,0.12,36,Chironomidae,10
Neu2,4,Lluvia,19/10/2017,5.16020027777778,-73.9935388888889,3044,Riffle,58.8,33.14,0.22,10.76,7.02,7.23,71,0.12,36,Tipulidae,1
Neu2,4,Lluvia,19/10/2017,5.16020027777778,-73.9935388888889,3044,Riffle,58.8,33.14,0.22,10.76,7.02,7.23,71,0.12,36,Lumbricidae,4
Neu2,4,Lluvia,19/10/2017,5.16020027777778,-73.9935388888889,3044,Riffle,58.8,33.14,0.22,10.76,7.02,7.23,71,0.12,36,Simuliidae,6
Neu2,4,Lluvia,19/10/2017,5.16020027777778,-73.9935388888889,3044,Riffle,58.8,33.14,0.22,10.76,7.02,7.23,71,0.12,36,Mesoveliidae,1
Neu2,4,Lluvia,19/10/2017,5.16020027777778,-73.9935388888889,3044,Pool,38.9,27.57,0.13,10.7,6.65,8.11,72.3,3.39,28.66,Chironomidae,14
Neu2,4,Lluvia,19/10/2017,5.16020027777778,-73.9935388888889,3044,Pool,38.9,27.57,0.13,10.7,6.65,8.11,72.3,3.39,28.66,Tipulidae,2
Neu2,4,Lluvia,19/10/2017,5.16020027777778,-73.9935388888889,3044,Pool,38.9,27.57,0.13,10.7,6.65,8.11,72.3,3.39,28.66,Lumbricidae,20
Neu2,4,Lluvia,19/10/2017,5.16020027777778,-73.9935388888889,3044,Pool,38.9,27.57,0.13,10.7,6.65,8.11,72.3,3.39,28.66,Simuliidae,6
Neu3,4,Lluvia,19/10/2017,5.15068333333333,-73.9825555555556,2995,Riffle,58.8,30.28,0.21,11.5,7.05,7.3,43.1,7.3,21.32,Chironomidae,14
Neu3,4,Lluvia,19/10/2017,5.15068333333333,-73.9825555555556,2995,Riffle,58.8,30.28,0.21,11.5,7.05,7.3,43.1,7.3,21.32,Tipulidae,3
Neu3,4,Lluvia,19/10/2017,5.15068333333333,-73.9825555555556,2995,Riffle,58.8,30.28,0.21,11.5,7.05,7.3,43.1,7.3,21.32,Simuliidae,1
Neu3,4,Lluvia,19/10/2017,5.15068333333333,-73.9825555555556,2995,Riffle,58.8,30.28,0.21,11.5,7.05,7.3,43.1,7.3,21.32,Hyalellidae,1
Neu3,4,Lluvia,19/10/2017,5.15068333333333,-73.9825555555556,2995,Riffle,58.8,30.28,0.21,11.5,7.05,7.3,43.1,7.3,21.32,Sphaeriidae,1
Neu3,4,Lluvia,19/10/2017,5.15068333333333,-73.9825555555556,2995,Pool,38.9,35.28,0.15,11.04,6.66,7.16,71.66,7.33,32,Chironomidae,39
Neu3,4,Lluvia,19/10/2017,5.15068333333333,-73.9825555555556,2995,Pool,38.9,35.28,0.15,11.04,6.66,7.16,71.66,7.33,32,Hyalellidae,1
Neu7,4,Lluvia,19/10/2017,5.08349444444444,-73.9346777777778,2575,Pool,80,41.7,0.28,17.57,5.98,7.03,55.5,7.5,29,Naididae,4
Neu7,4,Lluvia,19/10/2017,5.08349444444444,-73.9346777777778,2575,Pool,80,41.7,0.28,17.57,5.98,7.03,55.5,7.5,29,Sphaeriidae,1
Neu7,4,Lluvia,19/10/2017,5.08349444444444,-73.9346777777778,2575,Pool,80,41.7,0.28,17.57,5.98,7.03,55.5,7.5,29,Sphaeriidae,2
Neu7,4,Lluvia,19/10/2017,5.08349444444444,-73.9346777777778,2575,Pool,80,41.7,0.28,17.57,5.98,7.03,55.5,7.5,29,Planariidae,1
Neu7,4,Lluvia,19/10/2017,5.08349444444444,-73.9346777777778,2575,Pool,80,41.7,0.28,17.57,5.98,7.03,55.5,7.5,29,Chironomidae,8
Neu7,4,Lluvia,19/10/2017,5.08349444444444,-73.9346777777778,2575,Pool,80,41.7,0.28,17.57,5.98,7.03,55.5,7.5,29,Physidae,1
Neu7,4,Lluvia,19/10/2017,5.08349444444444,-73.9346777777778,2575,Riffle,88,82,0.14,15.69,7.05,7.09,76.67,7.21,17,Chironomidae,3
Neu7,4,Lluvia,19/10/2017,5.08349444444444,-73.9346777777778,2575,Riffle,88,82,0.14,15.69,7.05,7.09,76.67,7.21,17,Dytiscidae,3
Neu7,4,Lluvia,19/10/2017,5.08349444444444,-73.9346777777778,2575,Riffle,88,82,0.14,15.69,7.05,7.09,76.67,7.21,17,Hydrophilidae,2
Neu7,4,Lluvia,19/10/2017,5.08349444444444,-73.9346777777778,2575,Riffle,88,82,0.14,15.69,7.05,7.09,76.67,7.21,17,Corixidae,1
Neu7,4,Lluvia,19/10/2017,5.08349444444444,-73.9346777777778,2575,Riffle,88,82,0.14,15.69,7.05,7.09,76.67,7.21,17,Simuliidae,5
Neu7,4,Lluvia,19/10/2017,5.08349444444444,-73.9346777777778,2575,Riffle,88,82,0.14,15.69,7.05,7.09,76.67,7.21,17,Mesoveliidae,1
Neu7,4,Lluvia,19/10/2017,5.08349444444444,-73.9346777777778,2575,Riffle,88,82,0.14,15.69,7.05,7.09,76.67,7.21,17,Glossiphoniidae,1
Neu7,4,Lluvia,19/10/2017,5.08349444444444,-73.9346777777778,2575,Riffle,88,82,0.14,15.69,7.05,7.09,76.67,7.21,17,Lumbricidae,1
Neu1,5,Seca,21/02/2018,5.16080555555556,-73.9949222222222,3051,Riffle,76.31,40.28,0.21,10.3,8.05,7.3,88.53,3.54,88.67,Leptoceridae,1
Neu1,5,Seca,21/02/2018,5.16080555555556,-73.9949222222222,3051,Pool,146.41,57.42,0.1,10,8.13,7.25,88.7,3.41,89,Tipulidae,2
Neu1,5,Seca,21/02/2018,5.16080555555556,-73.9949222222222,3051,Pool,146.41,57.42,0.1,10,8.13,7.25,88.7,3.41,89,Simuliidae,60
Neu1,5,Seca,21/02/2018,5.16080555555556,-73.9949222222222,3051,Pool,146.41,57.42,0.1,10,8.13,7.25,88.7,3.41,89,Chironomidae,17
Neu1,5,Seca,21/02/2018,5.16080555555556,-73.9949222222222,3051,Pool,146.41,57.42,0.1,10,8.13,7.25,88.7,3.41,89,Baetidae,1
Neu1,5,Seca,21/02/2018,5.16080555555556,-73.9949222222222,3051,Pool,146.41,57.42,0.1,10,8.13,7.25,88.7,3.41,89,Glossiphoniidae,1
Neu1,5,Seca,21/02/2018,5.16080555555556,-73.9949222222222,3051,Pool,146.41,57.42,0.1,10,8.13,7.25,88.7,3.41,89,Lumbricidae,1
Neu3,5,Seca,21/02/2018,5.15068333333333,-73.9825555555556,2995,Pool,103.51,49.28,0.13,9.8,8.18,7.32,87.2,2.5,87,Hyalellidae,1
Neu3,5,Seca,21/02/2018,5.15068333333333,-73.9825555555556,2995,Pool,103.51,49.28,0.13,9.8,8.18,7.32,87.2,2.5,87,Leptoceridae,1
Neu4,5,Seca,21/02/2018,5.12785833333333,-73.9678055555555,2893,Boulder step,33.37,83.57,0.26,15.3,7.45,7.32,65.13,1.48,65,Chironomidae,1
Neu4,5,Seca,21/02/2018,5.12785833333333,-73.9678055555555,2893,Riffle,33.86,57.28,0.21,15.2,7.34,7.33,64.9,0.42,65,Gerridae,11
Neu4,5,Seca,21/02/2018,5.12785833333333,-73.9678055555555,2893,Riffle,33.86,57.28,0.21,15.2,7.34,7.33,64.9,0.42,65,Simuliidae,1
Neu4,5,Seca,21/02/2018,5.12785833333333,-73.9678055555555,2893,Riffle,33.86,57.28,0.21,15.2,7.34,7.33,64.9,0.42,65,Chironomidae,4
Neu6,5,Seca,21/02/2018,5.10161944444445,-73.9623527777778,2631,Boulder step,69.15,42.86,0.19,15.9,7.37,7.23,64.87,2.17,65,Simuliidae,56
Neu6,5,Seca,21/02/2018,5.10161944444445,-73.9623527777778,2631,Boulder step,69.15,42.86,0.19,15.9,7.37,7.23,64.87,2.17,65,Chironomidae,9
Neu6,5,Seca,21/02/2018,5.10161944444445,-73.9623527777778,2631,Boulder step,69.15,42.86,0.19,15.9,7.37,7.23,64.87,2.17,65,Baetidae,4
Neu6,5,Seca,21/02/2018,5.10161944444445,-73.9623527777778,2631,Riffle,75.91,57.28,0.25,15.83,7.35,7.23,64.87,2.54,65,Aeshnidae,4
Neu6,5,Seca,21/02/2018,5.10161944444445,-73.9623527777778,2631,Riffle,75.91,57.28,0.25,15.83,7.35,7.23,64.87,2.54,65,Corixidae,5
Neu6,5,Seca,21/02/2018,5.10161944444445,-73.9623527777778,2631,Riffle,75.91,57.28,0.25,15.83,7.35,7.23,64.87,2.54,65,Tipulidae,1
Neu7,5,Seca,21/02/2018,5.08349444444444,-73.9346777777778,2575,Glide,123.54,40.85,0.16,15.03,7.34,6.87,65.4,1.31,65,Aeshnidae,3
Neu7,5,Seca,21/02/2018,5.08349444444444,-73.9346777777778,2575,Glide,123.54,40.85,0.16,15.03,7.34,6.87,65.4,1.31,65,Physidae,3
Neu7,5,Seca,21/02/2018,5.08349444444444,-73.9346777777778,2575,Glide,123.54,40.85,0.16,15.03,7.34,6.87,65.4,1.31,65,Chironomidae,7
Neu7,5,Seca,21/02/2018,5.08349444444444,-73.9346777777778,2575,Glide,123.54,40.85,0.16,15.03,7.34,6.87,65.4,1.31,65,Corixidae,13
Neu7,5,Seca,21/02/2018,5.08349444444444,-73.9346777777778,2575,Glide,123.54,40.85,0.16,15.03,7.34,6.87,65.4,1.31,65,Gerridae,1
Neu7,5,Seca,21/02/2018,5.08349444444444,-73.9346777777778,2575,Riffle,176.53,58.28,0.22,14.8,6.38,6.71,66.3,2.43,67,Notonectidae,1
Neu7,5,Seca,21/02/2018,5.08349444444444,-73.9346777777778,2575,Riffle,176.53,58.28,0.22,14.8,6.38,6.71,66.3,2.43,67,Aeshnidae,1
Neu7,5,Seca,21/02/2018,5.08349444444444,-73.9346777777778,2575,Riffle,176.53,58.28,0.22,14.8,6.38,6.71,66.3,2.43,67,Physidae,5
Neu7,5,Seca,21/02/2018,5.08349444444444,-73.9346777777778,2575,Riffle,176.53,58.28,0.22,14.8,6.38,6.71,66.3,2.43,67,Simuliidae,14
Neu7,5,Seca,21/02/2018,5.08349444444444,-73.9346777777778,2575,Riffle,176.53,58.28,0.22,14.8,6.38,6.71,66.3,2.43,67,Chironomidae,22
Neu7,5,Seca,21/02/2018,5.08349444444444,-73.9346777777778,2575,Riffle,176.53,58.28,0.22,14.8,6.38,6.71,66.3,2.43,67,Corixidae,4
Neu1,6,Transición,14/03/2018,5.16080555555556,-73.9949222222222,3051,Pool,91.04,76.57,0.12,11.4,7.9,7.6,89.3,2.55,89,Baetidae,2
Neu1,6,Transición,14/03/2018,5.16080555555556,-73.9949222222222,3051,Pool,91.04,76.57,0.12,11.4,7.9,7.6,89.3,2.55,89,Sphaeriidae,16
Neu1,6,Transición,14/03/2018,5.16080555555556,-73.9949222222222,3051,Pool,91.04,76.57,0.12,11.4,7.9,7.6,89.3,2.55,89,Chironomidae,7
Neu1,6,Transición,14/03/2018,5.16080555555556,-73.9949222222222,3051,Pool,91.04,76.57,0.12,11.4,7.9,7.6,89.3,2.55,89,Lumbricidae,1
Neu1,6,Transición,14/03/2018,5.16080555555556,-73.9949222222222,3051,Pool,51.36,55.14,0.01,11.2,7.9,7.9,89.2,0.77,89,Baetidae,3
Neu1,6,Transición,14/03/2018,5.16080555555556,-73.9949222222222,3051,Pool,51.36,55.14,0.01,11.2,7.9,7.9,89.2,0.77,89,Sphaeriidae,17
Neu1,6,Transición,14/03/2018,5.16080555555556,-73.9949222222222,3051,Pool,51.36,55.14,0.01,11.2,7.9,7.9,89.2,0.77,89,Chironomidae,14
Neu1,6,Transición,14/03/2018,5.16080555555556,-73.9949222222222,3051,Pool,51.36,55.14,0.01,11.2,7.9,7.9,89.2,0.77,89,Simuliidae,3
Neu1,6,Transición,14/03/2018,5.16080555555556,-73.9949222222222,3051,Pool,51.36,55.14,0.01,11.2,7.9,7.9,89.2,0.77,89,Lumbricidae,1
Neu2,6,Transición,14/03/2018,5.16020027777778,-73.9935388888889,3044,Riffle,171.85,69.43,0.21,10.4,8.3,7.5,90.1,4.07,90,Tipulidae,1
Neu2,6,Transición,14/03/2018,5.16020027777778,-73.9935388888889,3044,Riffle,171.85,69.43,0.21,10.4,8.3,7.5,90.1,4.07,90,Lumbricidae,1
Neu2,6,Transición,14/03/2018,5.16020027777778,-73.9935388888889,3044,Riffle,171.85,69.43,0.21,10.4,8.3,7.5,90.1,4.07,90,Planariidae,1
Neu2,6,Transición,14/03/2018,5.16020027777778,-73.9935388888889,3044,Riffle,171.85,69.43,0.21,10.4,8.3,7.5,90.1,4.07,90,Chironomidae,5
Neu2,6,Transición,14/03/2018,5.16020027777778,-73.9935388888889,3044,Riffle,171.85,69.43,0.21,10.4,8.3,7.5,90.1,4.07,90,Baetidae,2
Neu2,6,Transición,14/03/2018,5.16020027777778,-73.9935388888889,3044,Pool,134.05,39.14,0.14,10.3,8.1,7.5,90.1,2.11,NA,Lumbricidae,1
Neu2,6,Transición,14/03/2018,5.16020027777778,-73.9935388888889,3044,Pool,134.05,39.14,0.14,10.3,8.1,7.5,90.1,2.11,NA,Chironomidae,12
Neu2,6,Transición,14/03/2018,5.16020027777778,-73.9935388888889,3044,Pool,134.05,39.14,0.14,10.3,8.1,7.5,90.1,2.11,NA,Baetidae,1
Neu2,6,Transición,14/03/2018,5.16020027777778,-73.9935388888889,3044,Pool,134.05,39.14,0.14,10.3,8.1,7.5,90.1,2.11,NA,Aeshnidae,3
Neu2,6,Transición,14/03/2018,5.16020027777778,-73.9935388888889,3044,Pool,134.05,39.14,0.14,10.3,8.1,7.5,90.1,2.11,NA,Sphaeriidae,1
Neu2,6,Transición,14/03/2018,5.16020027777778,-73.9935388888889,3044,Pool,134.05,39.14,0.14,10.3,8.1,7.5,90.1,2.11,NA,Ceratopogonidae,1
Neu2,6,Transición,14/03/2018,5.16020027777778,-73.9935388888889,3044,Pool,134.05,39.14,0.14,10.3,8.1,7.5,90.1,2.11,NA,Simuliidae,52
Neu3,6,Transición,14/03/2018,5.15068333333333,-73.9825555555556,2995,Pool,150.86,42,0.17,11.77,7.82,7.27,85.07,1.22,85,Glossiphoniidae,1
Neu3,6,Transición,14/03/2018,5.15068333333333,-73.9825555555556,2995,Pool,150.86,42,0.17,11.77,7.82,7.27,85.07,1.22,85,Sphaeriidae,11
Neu3,6,Transición,14/03/2018,5.15068333333333,-73.9825555555556,2995,Pool,150.86,42,0.17,11.77,7.82,7.27,85.07,1.22,85,Leptoceridae,1
Neu3,6,Transición,14/03/2018,5.15068333333333,-73.9825555555556,2995,Pool,150.86,42,0.17,11.77,7.82,7.27,85.07,1.22,85,Chironomidae,18
Neu4,6,Transición,14/03/2018,5.12785833333333,-73.9678055555555,2893,Boulder step,54.5,82.71,0.27,15.6,7.4,7.1,65.3,1.29,65,Simuliidae,8
Neu4,6,Transición,14/03/2018,5.12785833333333,-73.9678055555555,2893,Boulder step,54.5,82.71,0.27,15.6,7.4,7.1,65.3,1.29,65,Chironomidae,3
Neu4,6,Transición,14/03/2018,5.12785833333333,-73.9678055555555,2893,Boulder step,54.5,82.71,0.27,15.6,7.4,7.1,65.3,1.29,65,Planariidae,13
Neu4,6,Transición,14/03/2018,5.12785833333333,-73.9678055555555,2893,Boulder step,54.5,82.71,0.27,15.6,7.4,7.1,65.3,1.29,65,Muscidae,1
Neu6,6,Transición,14/03/2018,5.10161944444445,-73.9623527777778,2631,Boulder step,49.1,64.57,0.21,15.87,7.31,7.36,64.97,3.06,65,Chironomidae,2
Neu6,6,Transición,14/03/2018,5.10161944444445,-73.9623527777778,2631,Boulder step,49.1,64.57,0.21,15.87,7.31,7.36,64.97,3.06,65,Baetidae,6
Neu6,6,Transición,14/03/2018,5.10161944444445,-73.9623527777778,2631,Boulder step,49.1,64.57,0.21,15.87,7.31,7.36,64.97,3.06,65,Leptoceridae,1
Neu6,6,Transición,14/03/2018,5.10161944444445,-73.9623527777778,2631,Boulder step,49.1,64.57,0.21,15.87,7.31,7.36,64.97,3.06,65,Lumbricidae,2
Neu6,6,Transición,14/03/2018,5.10161944444445,-73.9623527777778,2631,Riffle,67.5,61.43,0.19,15.6,7.34,7.35,65,2.42,65,Chironomidae,4
Neu6,6,Transición,14/03/2018,5.10161944444445,-73.9623527777778,2631,Riffle,67.5,61.43,0.19,15.6,7.34,7.35,65,2.42,65,Naididae,3
Neu7,6,Transición,14/03/2018,5.08349444444444,-73.9346777777778,2575,Riffle,176.53,78.42,0.24,13.5,7.2,6.8,65,2.77,65,Glossiphoniidae,1
Neu7,6,Transición,14/03/2018,5.08349444444444,-73.9346777777778,2575,Riffle,176.53,78.42,0.24,13.5,7.2,6.8,65,2.77,65,Planariidae,1
Neu7,6,Transición,14/03/2018,5.08349444444444,-73.9346777777778,2575,Riffle,176.53,78.42,0.24,13.5,7.2,6.8,65,2.77,65,Corixidae,9
Neu7,6,Transición,14/03/2018,5.08349444444444,-73.9346777777778,2575,Riffle,176.53,78.42,0.24,13.5,7.2,6.8,65,2.77,65,Baetidae,4
Neu7,6,Transición,14/03/2018,5.08349444444444,-73.9346777777778,2575,Riffle,176.53,78.42,0.24,13.5,7.2,6.8,65,2.77,65,Physidae,16
Neu7,6,Transición,14/03/2018,5.08349444444444,-73.9346777777778,2575,Riffle,176.53,78.42,0.24,13.5,7.2,6.8,65,2.77,65,Notonectidae,1
Neu7,6,Transición,14/03/2018,5.08349444444444,-73.9346777777778,2575,Glide,123.54,63.14,0.18,13.6,7.2,6.9,65.1,2.08,65.42,Corixidae,2
Neu7,6,Transición,14/03/2018,5.08349444444444,-73.9346777777778,2575,Glide,123.54,63.14,0.18,13.6,7.2,6.9,65.1,2.08,65.42,Lumbricidae,5
Neu7,6,Transición,14/03/2018,5.08349444444444,-73.9346777777778,2575,Glide,123.54,63.14,0.18,13.6,7.2,6.9,65.1,2.08,65.42,Aeshnidae,7
Neu7,6,Transición,14/03/2018,5.08349444444444,-73.9346777777778,2575,Glide,123.54,63.14,0.18,13.6,7.2,6.9,65.1,2.08,65.42,Chironomidae,7
Neu7,6,Transición,14/03/2018,5.08349444444444,-73.9346777777778,2575,Glide,123.54,63.14,0.18,13.6,7.2,6.9,65.1,2.08,65.42,Gerridae,1
Neu7,6,Transición,14/03/2018,5.08349444444444,-73.9346777777778,2575,Glide,123.54,64.29,0.21,15.7,7.9,7.1,64.1,1.42,64,Planariidae,1
Neu7,6,Transición,14/03/2018,5.08349444444444,-73.9346777777778,2575,Glide,123.54,64.29,0.21,15.7,7.9,7.1,64.1,1.42,64,Corixidae,17
Neu7,6,Transición,14/03/2018,5.08349444444444,-73.9346777777778,2575,Glide,123.54,64.29,0.21,15.7,7.9,7.1,64.1,1.42,64,Baetidae,3
Neu7,6,Transición,14/03/2018,5.08349444444444,-73.9346777777778,2575,Glide,123.54,64.29,0.21,15.7,7.9,7.1,64.1,1.42,64,Physidae,29
Neu1,7,Lluvia,09/05/2018,5.16080555555556,-73.9949222222222,3051,Rapid,43,47.43,0.31,11.37,7.74,6.21,59.97,9.79,60,Tipulidae,1
Neu1,7,Lluvia,09/05/2018,5.16080555555556,-73.9949222222222,3051,Rapid,43,47.43,0.31,11.37,7.74,6.21,59.97,9.79,60,Chironomidae,4
Neu1,7,Lluvia,09/05/2018,5.16080555555556,-73.9949222222222,3051,Rapid,43,47.43,0.31,11.37,7.74,6.21,59.97,9.79,60,Sphaeriidae,1
Neu1,7,Lluvia,09/05/2018,5.16080555555556,-73.9949222222222,3051,Rapid,43,47.43,0.31,11.37,7.74,6.21,59.97,9.79,60,Naididae,5
Neu1,7,Lluvia,09/05/2018,5.16080555555556,-73.9949222222222,3051,Pool,56,80.43,0.28,10.93,7.77,6.22,59.9,9.67,60,Chironomidae,2
Neu1,7,Lluvia,09/05/2018,5.16080555555556,-73.9949222222222,3051,Rapid,74,65.86,0.31,11,7.88,6.2,58.9,10.15,58.67,Simuliidae,1
Neu1,7,Lluvia,09/05/2018,5.16080555555556,-73.9949222222222,3051,Rapid,74,65.86,0.31,11,7.88,6.2,58.9,10.15,58.67,Tipulidae,1
Neu1,7,Lluvia,09/05/2018,5.16080555555556,-73.9949222222222,3051,Rapid,74,65.86,0.31,11,7.88,6.2,58.9,10.15,58.67,Chironomidae,2
Neu1,7,Lluvia,09/05/2018,5.16080555555556,-73.9949222222222,3051,Rapid,74,65.86,0.31,11,7.88,6.2,58.9,10.15,58.67,Planariidae,1
Neu1,7,Lluvia,09/05/2018,5.16080555555556,-73.9949222222222,3051,Rapid,74,65.86,0.31,11,7.88,6.2,58.9,10.15,58.67,Sphaeriidae,1
Neu1,7,Lluvia,09/05/2018,5.16080555555556,-73.9949222222222,3051,Rapid,74,65.86,0.31,11,7.88,6.2,58.9,10.15,58.67,Naididae,3
Neu2,7,Lluvia,09/05/2018,5.16020027777778,-73.9935388888889,3044,Rapid,111,62.53,0.42,10.8,7.91,6.61,77,19.99,77,Planariidae,2
Neu2,7,Lluvia,09/05/2018,5.16020027777778,-73.9935388888889,3044,Rapid,111,62.53,0.42,10.8,7.91,6.61,77,19.99,77,Glossiphoniidae,5
Neu2,7,Lluvia,09/05/2018,5.16020027777778,-73.9935388888889,3044,Rapid,111,62.53,0.42,10.8,7.91,6.61,77,19.99,77,Simuliidae,9
Neu2,7,Lluvia,09/05/2018,5.16020027777778,-73.9935388888889,3044,Rapid,111,62.53,0.42,10.8,7.91,6.61,77,19.99,77,Muscidae,1
Neu2,7,Lluvia,09/05/2018,5.16020027777778,-73.9935388888889,3044,Riffle,149,73.86,0.23,10.8,7.97,6.82,67.07,19.67,77,Tipulidae,1
Neu2,7,Lluvia,09/05/2018,5.16020027777778,-73.9935388888889,3044,Riffle,149,73.86,0.23,10.8,7.97,6.82,67.07,19.67,77,Glossiphoniidae,1
Neu2,7,Lluvia,09/05/2018,5.16020027777778,-73.9935388888889,3044,Riffle,149,73.86,0.23,10.8,7.97,6.82,67.07,19.67,77,Sphaeriidae,2
Neu3,7,Lluvia,09/05/2018,5.15068333333333,-73.9825555555556,2995,Rapid,113,62.43,0.42,11.6,7.89,6.98,77.53,20.5,77,Lumbricidae,3
Neu3,7,Lluvia,09/05/2018,5.15068333333333,-73.9825555555556,2995,Riffle,131,68.43,0.29,11.7,7.86,7.17,76.47,17.29,66.67,Tipulidae,1
Neu3,7,Lluvia,09/05/2018,5.15068333333333,-73.9825555555556,2995,Riffle,131,68.43,0.29,11.7,7.86,7.17,76.47,17.29,66.67,Hyalellidae,4
Neu3,7,Lluvia,09/05/2018,5.15068333333333,-73.9825555555556,2995,Riffle,131,68.43,0.29,11.7,7.86,7.17,76.47,17.29,66.67,Chironomidae,1
Neu3,7,Lluvia,09/05/2018,5.15068333333333,-73.9825555555556,2995,Riffle,131,68.43,0.29,11.7,7.86,7.17,76.47,17.29,66.67,Hydrophilidae,1
Neu4,7,Lluvia,09/05/2018,5.12785833333333,-73.9678055555555,2893,Boulder step,33,96.86,0.2,13.6,7.55,7.38,60.7,33.08,61,Simuliidae,6
Neu4,7,Lluvia,09/05/2018,5.12785833333333,-73.9678055555555,2893,Boulder step,33,96.86,0.2,13.6,7.55,7.38,60.7,33.08,61,Chironomidae,28
Neu4,7,Lluvia,09/05/2018,5.12785833333333,-73.9678055555555,2893,Boulder step,33,96.86,0.2,13.6,7.55,7.38,60.7,33.08,61,Hydrophilidae,1
Neu4,7,Lluvia,09/05/2018,5.12785833333333,-73.9678055555555,2893,Riffle,26,27.43,0.2,13.7,7.54,7.19,60.6,32.52,66.77,Simuliidae,13
Neu4,7,Lluvia,09/05/2018,5.12785833333333,-73.9678055555555,2893,Riffle,26,27.43,0.2,13.7,7.54,7.19,60.6,32.52,66.77,Chironomidae,28
Neu4,7,Lluvia,09/05/2018,5.12785833333333,-73.9678055555555,2893,Riffle,26,27.43,0.2,13.7,7.54,7.19,60.6,32.52,66.77,Baetidae,8
Neu4,7,Lluvia,09/05/2018,5.12785833333333,-73.9678055555555,2893,Riffle,26,27.43,0.2,13.7,7.54,7.19,60.6,32.52,66.77,Aeshnidae,1
Neu4,7,Lluvia,09/05/2018,5.12785833333333,-73.9678055555555,2893,Riffle,26,27.43,0.2,13.7,7.54,7.19,60.6,32.52,66.77,Hydrophilidae,1
Neu4,7,Lluvia,09/05/2018,5.12785833333333,-73.9678055555555,2893,Riffle,26,27.43,0.2,13.7,7.54,7.19,60.6,32.52,66.77,Leptoceridae,1
Neu4,7,Lluvia,09/05/2018,5.12785833333333,-73.9678055555555,2893,Riffle,26,27.43,0.2,13.7,7.54,7.19,60.6,32.52,66.77,Sphaeriidae,4
Neu6,7,Lluvia,09/05/2018,5.10161944444445,-73.9623527777778,2631,Boulder step,54,60.43,0.28,14.03,7.15,7.56,59.9,30.68,60,Chironomidae,7
Neu6,7,Lluvia,09/05/2018,5.10161944444445,-73.9623527777778,2631,Boulder step,54,60.43,0.28,14.03,7.15,7.56,59.9,30.68,60,Simuliidae,26
Neu6,7,Lluvia,09/05/2018,5.10161944444445,-73.9623527777778,2631,Boulder step,54,60.43,0.28,14.03,7.15,7.56,59.9,30.68,60,Baetidae,13
Neu6,7,Lluvia,09/05/2018,5.10161944444445,-73.9623527777778,2631,Boulder step,54,60.43,0.28,14.03,7.15,7.56,59.9,30.68,60,Sphaeriidae,4
Neu6,7,Lluvia,09/05/2018,5.10161944444445,-73.9623527777778,2631,Boulder step,54,60.43,0.28,14.03,7.15,7.56,59.9,30.68,60,Physidae,1
Neu6,7,Lluvia,09/05/2018,5.10161944444445,-73.9623527777778,2631,Boulder step,54,60.43,0.28,14.03,7.15,7.56,59.9,30.68,60,Hydrophilidae,1
Neu6,7,Lluvia,09/05/2018,5.10161944444445,-73.9623527777778,2631,Boulder step,54,60.43,0.28,14.03,7.15,7.56,59.9,30.68,60,Naididae,5
Neu7,7,Lluvia,09/05/2018,5.08349444444444,-73.9346777777778,2575,Riffle,416,42.78,0.19,15.8,7.84,7.01,67.87,19.07,68,Aeshnidae,3
Neu7,7,Lluvia,09/05/2018,5.08349444444444,-73.9346777777778,2575,Riffle,416,42.78,0.19,15.8,7.84,7.01,67.87,19.07,68,Simuliidae,59
Neu7,7,Lluvia,09/05/2018,5.08349444444444,-73.9346777777778,2575,Riffle,416,42.78,0.19,15.8,7.84,7.01,67.87,19.07,68,Planariidae,3
Neu7,7,Lluvia,09/05/2018,5.08349444444444,-73.9346777777778,2575,Riffle,416,42.78,0.19,15.8,7.84,7.01,67.87,19.07,68,Corixidae,1
Neu7,7,Lluvia,09/05/2018,5.08349444444444,-73.9346777777778,2575,Riffle,416,42.78,0.19,15.8,7.84,7.01,67.87,19.07,68,Baetidae,2
Neu7,7,Lluvia,09/05/2018,5.08349444444444,-73.9346777777778,2575,Riffle,416,42.78,0.19,15.8,7.84,7.01,67.87,19.07,68,Physidae,22
Neu7,7,Lluvia,09/05/2018,5.08349444444444,-73.9346777777778,2575,Riffle,416,42.78,0.19,15.8,7.84,7.01,67.87,19.07,68,Notonectidae,1
Neu7,7,Lluvia,09/05/2018,5.08349444444444,-73.9346777777778,2575,Riffle,416,42.78,0.19,15.8,7.84,7.01,67.87,19.07,68,Lumbricidae,2
Neu7,7,Lluvia,09/05/2018,5.08349444444444,-73.9346777777778,2575,Riffle,416,42.78,0.19,15.8,7.84,7.01,67.87,19.07,68,Coenagrionidae,1
Neu7,7,Lluvia,09/05/2018,5.08349444444444,-73.9346777777778,2575,Riffle,416,42.78,0.19,15.8,7.84,7.01,67.87,19.07,68,Sphaeriidae,2
Neu7,7,Lluvia,09/05/2018,5.08349444444444,-73.9346777777778,2575,Glide,167,46.57,0.11,15.5,8.08,6.86,67.7,22.49,68,Aeshnidae,1
Neu7,7,Lluvia,09/05/2018,5.08349444444444,-73.9346777777778,2575,Glide,167,46.57,0.11,15.5,8.08,6.86,67.7,22.49,68,Simuliidae,12
Neu7,7,Lluvia,09/05/2018,5.08349444444444,-73.9346777777778,2575,Glide,167,46.57,0.11,15.5,8.08,6.86,67.7,22.49,68,Planariidae,1
Neu7,7,Lluvia,09/05/2018,5.08349444444444,-73.9346777777778,2575,Glide,167,46.57,0.11,15.5,8.08,6.86,67.7,22.49,68,Corixidae,1
Neu7,7,Lluvia,09/05/2018,5.08349444444444,-73.9346777777778,2575,Glide,167,46.57,0.11,15.5,8.08,6.86,67.7,22.49,68,Baetidae,1
Neu7,7,Lluvia,09/05/2018,5.08349444444444,-73.9346777777778,2575,Glide,167,46.57,0.11,15.5,8.08,6.86,67.7,22.49,68,Chironomidae,7
Neu2,8,Seca,08/08/2018,5.16020027777778,-73.9935388888889,3044,Riffle,85.16,52.55,0.28,8.85,8.43,7.21,72.63,5.96,74.66,Sphaeriidae,1
Neu2,8,Seca,08/08/2018,5.16020027777778,-73.9935388888889,3044,Riffle,85.16,52.55,0.28,8.85,8.43,7.21,72.63,5.96,74.66,Chironomidae,8
Neu2,8,Seca,08/08/2018,5.16020027777778,-73.9935388888889,3044,Riffle,85.16,52.55,0.28,8.85,8.43,7.21,72.63,5.96,74.66,Simuliidae,2
Neu2,8,Seca,08/08/2018,5.16020027777778,-73.9935388888889,3044,Riffle,85.16,52.55,0.28,8.85,8.43,7.21,72.63,5.96,74.66,Hyalellidae,1
Neu2,8,Seca,08/08/2018,5.16020027777778,-73.9935388888889,3044,Riffle,85.16,52.55,0.28,8.85,8.43,7.21,72.63,5.96,74.66,Planariidae,1
Neu2,8,Seca,08/08/2018,5.16020027777778,-73.9935388888889,3044,Riffle,85.16,52.55,0.28,8.85,8.43,7.21,72.63,5.96,74.66,Tipulidae,1
Neu2,8,Seca,08/08/2018,5.16020027777778,-73.9935388888889,3044,Riffle,85.16,52.55,0.28,8.85,8.43,7.21,72.63,5.96,74.66,Lumbricidae,9
Neu2,8,Seca,08/08/2018,5.16020027777778,-73.9935388888889,3044,Pool,19.18,40.98,0,8.86,8.38,7.16,72.6,6.06,74.5,Chironomidae,6
Neu2,8,Seca,08/08/2018,5.16020027777778,-73.9935388888889,3044,Pool,19.18,40.98,0,8.86,8.38,7.16,72.6,6.06,74.5,Simuliidae,1
Neu2,8,Seca,08/08/2018,5.16020027777778,-73.9935388888889,3044,Pool,19.18,40.98,0,8.86,8.38,7.16,72.6,6.06,74.5,Tipulidae,1
Neu2,8,Seca,08/08/2018,5.16020027777778,-73.9935388888889,3044,Pool,19.18,40.98,0,8.86,8.38,7.16,72.6,6.06,74.5,Lumbricidae,1
Neu4,8,Seca,08/08/2018,5.12785833333333,-73.9678055555555,2893,Boulder step,19.76,85.29,0.16,13.8,7.82,7.26,70.27,2.55,67,Leptoceridae,1
Neu4,8,Seca,08/08/2018,5.12785833333333,-73.9678055555555,2893,Boulder step,19.76,85.29,0.16,13.8,7.82,7.26,70.27,2.55,67,Chironomidae,6
Neu4,8,Seca,08/08/2018,5.12785833333333,-73.9678055555555,2893,Riffle,82.75,50.37,0.23,13.36,7.71,7.25,66.28,2.65,66.83,Glossiphoniidae,1
Neu4,8,Seca,08/08/2018,5.12785833333333,-73.9678055555555,2893,Riffle,82.75,50.37,0.23,13.36,7.71,7.25,66.28,2.65,66.83,Leptoceridae,1
Neu4,8,Seca,08/08/2018,5.12785833333333,-73.9678055555555,2893,Riffle,82.75,50.37,0.23,13.36,7.71,7.25,66.28,2.65,66.83,Baetidae,1
Neu4,8,Seca,08/08/2018,5.12785833333333,-73.9678055555555,2893,Riffle,82.75,50.37,0.23,13.36,7.71,7.25,66.28,2.65,66.83,Chironomidae,21
Neu4,8,Seca,08/08/2018,5.12785833333333,-73.9678055555555,2893,Riffle,82.75,50.37,0.23,13.36,7.71,7.25,66.28,2.65,66.83,Simuliidae,8
Neu4,8,Seca,08/08/2018,5.12785833333333,-73.9678055555555,2893,Riffle,82.75,50.37,0.23,13.36,7.71,7.25,66.28,2.65,66.83,Planariidae,3
Neu4,8,Seca,08/08/2018,5.12785833333333,-73.9678055555555,2893,Riffle,82.75,50.37,0.23,13.36,7.71,7.25,66.28,2.65,66.83,Sphaeriidae,7
Neu4,8,Seca,08/08/2018,5.12785833333333,-73.9678055555555,2893,Riffle,82.75,50.37,0.23,13.36,7.71,7.25,66.28,2.65,66.83,Lumbricidae,1
Neu6,8,Seca,08/08/2018,5.10161944444445,-73.9623527777778,2631,Boulder step,20.75,60.28,0.31,13.4,7.8,7.3,64.17,7.37,64,Ptilodactylidae,1
Neu6,8,Seca,08/08/2018,5.10161944444445,-73.9623527777778,2631,Boulder step,20.75,60.28,0.31,13.4,7.8,7.3,64.17,7.37,64,Baetidae,2
Neu6,8,Seca,08/08/2018,5.10161944444445,-73.9623527777778,2631,Boulder step,20.75,60.28,0.31,13.4,7.8,7.3,64.17,7.37,64,Chironomidae,3
Neu6,8,Seca,08/08/2018,5.10161944444445,-73.9623527777778,2631,Boulder step,20.75,60.28,0.31,13.4,7.8,7.3,64.17,7.37,64,Simuliidae,10
Neu6,8,Seca,08/08/2018,5.10161944444445,-73.9623527777778,2631,Boulder step,20.75,60.28,0.31,13.4,7.8,7.3,64.17,7.37,64,Sphaeriidae,1
Neu6,8,Seca,08/08/2018,5.10161944444445,-73.9623527777778,2631,Boulder step,20.75,60.28,0.31,13.4,7.8,7.3,64.17,7.37,64,Lumbricidae,1
Neu1,9,Lluvia,17/10/2018,5.16080555555556,-73.9949222222222,3255,Pool,38,46.37,0.05,9.6,7.95,6.73,65.8,35.69,65.67,Sphaeriidae,1
Neu1,9,Lluvia,17/10/2018,5.16080555555556,-73.9949222222222,3255,Pool,38,46.37,0.05,9.6,7.95,6.73,65.8,35.69,65.67,Lumbricidae,1
Neu1,9,Lluvia,17/10/2018,5.16080555555556,-73.9949222222222,3255,Pool,38,46.37,0.05,9.6,7.95,6.73,65.8,35.69,65.67,Tipulidae,1
Neu2,9,Lluvia,17/10/2018,5.16020027777778,-73.9935388888889,2102,Riffle,363,45.57,0.22,11.4,7.94,7.2,69.6,8.11,68.9,Lumbricidae,4
Neu2,9,Lluvia,17/10/2018,5.16020027777778,-73.9935388888889,2102,Pool,63,37.35,0.08,11.33,7.95,7.12,69.43,8.55,70,Sphaeriidae,1
Neu2,9,Lluvia,17/10/2018,5.16020027777778,-73.9935388888889,2102,Pool,63,37.35,0.08,11.33,7.95,7.12,69.43,8.55,70,Tipulidae,1
Neu6,9,Lluvia,17/10/2018,5.10161944444445,-73.9623527777778,2631,Riffle,133.7,75.97,0.88,14.2,7.75,7.23,64.23,8.27,64.33,Lumbricidae,2
Neu6,9,Lluvia,17/10/2018,5.10161944444445,-73.9623527777778,2631,Pool,22.03,47.85,0.09,14.2,7.72,7.3,64.57,9.65,64.67,Chironomidae,14
Neu6,9,Lluvia,17/10/2018,5.10161944444445,-73.9623527777778,2631,Pool,22.03,47.85,0.09,14.2,7.72,7.3,64.57,9.65,64.67,Simuliidae,38
Neu6,9,Lluvia,17/10/2018,5.10161944444445,-73.9623527777778,2631,Pool,22.03,47.85,0.09,14.2,7.72,7.3,64.57,9.65,64.67,Tipulidae,1
Neu2,10,Seca,26/02/2019,5.16020027777778,-73.9935388888889,2102,Pool,150,37.15,0.06,12.63,7.89,7.12,103.62,13.51,102.5,Sphaeriidae,3
Neu2,10,Seca,26/02/2019,5.16020027777778,-73.9935388888889,2102,Pool,150,37.15,0.06,12.63,7.89,7.12,103.62,13.51,102.5,Naididae,12
Neu2,10,Seca,26/02/2019,5.16020027777778,-73.9935388888889,2102,Pool,150,37.15,0.06,12.63,7.89,7.12,103.62,13.51,102.5,Chironomidae,14
Neu2,10,Seca,26/02/2019,5.16020027777778,-73.9935388888889,2102,Pool,150,37.15,0.06,12.63,7.89,7.12,103.62,13.51,102.5,Glossiphoniidae,4
Neu2,10,Seca,26/02/2019,5.16020027777778,-73.9935388888889,2102,Pool,150,37.15,0.06,12.63,7.89,7.12,103.62,13.51,102.5,Ceratopogonidae,1
Neu2,10,Seca,26/02/2019,5.16020027777778,-73.9935388888889,2102,Riffle,186,20.39,0.17,12.63,7.77,7.25,101.16,7.94,100.33,Sphaeriidae,6
Neu2,10,Seca,26/02/2019,5.16020027777778,-73.9935388888889,2102,Riffle,186,20.39,0.17,12.63,7.77,7.25,101.16,7.94,100.33,Naididae,15
Neu2,10,Seca,26/02/2019,5.16020027777778,-73.9935388888889,2102,Riffle,186,20.39,0.17,12.63,7.77,7.25,101.16,7.94,100.33,Chironomidae,50
Neu2,10,Seca,26/02/2019,5.16020027777778,-73.9935388888889,2102,Riffle,186,20.39,0.17,12.63,7.77,7.25,101.16,7.94,100.33,Glossiphoniidae,4
Neu2,10,Seca,26/02/2019,5.16020027777778,-73.9935388888889,2102,Riffle,186,20.39,0.17,12.63,7.77,7.25,101.16,7.94,100.33,Hyalellidae,4
Neu2,10,Seca,26/02/2019,5.16020027777778,-73.9935388888889,2102,Riffle,186,20.39,0.17,12.63,7.77,7.25,101.16,7.94,100.33,Leptoceridae,1
Neu2,10,Seca,26/02/2019,5.16020027777778,-73.9935388888889,2102,Riffle,186,20.39,0.17,12.63,7.77,7.25,101.16,7.94,100.33,Tipulidae,3
Neu2,10,Seca,26/02/2019,5.16020027777778,-73.9935388888889,2102,Riffle,186,20.39,0.17,12.63,7.77,7.25,101.16,7.94,100.33,Ceratopogonidae,5
Neu3,10,Seca,26/02/2019,5.15068333333333,-73.9825555555556,2995,Riffle,108,30.94,0.21,12.57,7.82,7.29,92.98,3.73,91.13,Tipulidae,1
Neu3,10,Seca,26/02/2019,5.15068333333333,-73.9825555555556,2995,Riffle,108,30.94,0.21,12.57,7.82,7.29,92.98,3.73,91.13,Naididae,17
Neu3,10,Seca,26/02/2019,5.15068333333333,-73.9825555555556,2995,Riffle,108,30.94,0.21,12.57,7.82,7.29,92.98,3.73,91.13,Simuliidae,3
Neu3,10,Seca,26/02/2019,5.15068333333333,-73.9825555555556,2995,Riffle,108,30.94,0.21,12.57,7.82,7.29,92.98,3.73,91.13,Empididae,13
Neu3,10,Seca,26/02/2019,5.15068333333333,-73.9825555555556,2995,Riffle,108,30.94,0.21,12.57,7.82,7.29,92.98,3.73,91.13,Planariidae,3
Neu3,10,Seca,26/02/2019,5.15068333333333,-73.9825555555556,2995,Riffle,108,30.94,0.21,12.57,7.82,7.29,92.98,3.73,91.13,Hydrophilidae,2
Neu3,10,Seca,26/02/2019,5.15068333333333,-73.9825555555556,2995,Rapid,25,22,0.29,12.47,7.92,7.21,94.17,7.89,94,Naididae,9
Neu3,10,Seca,26/02/2019,5.15068333333333,-73.9825555555556,2995,Rapid,25,22,0.29,12.47,7.92,7.21,94.17,7.89,94,Simuliidae,3
Neu3,10,Seca,26/02/2019,5.15068333333333,-73.9825555555556,2995,Rapid,25,22,0.29,12.47,7.92,7.21,94.17,7.89,94,Empididae,18
Neu3,10,Seca,26/02/2019,5.15068333333333,-73.9825555555556,2995,Rapid,25,22,0.29,12.47,7.92,7.21,94.17,7.89,94,Chironomidae,1
Neu3,10,Seca,26/02/2019,5.15068333333333,-73.9825555555556,2995,Pool,52,21.21,0.08,12.84,7.72,7.39,92.5,1.35,90.33,Tipulidae,5
Neu3,10,Seca,26/02/2019,5.15068333333333,-73.9825555555556,2995,Pool,52,21.21,0.08,12.84,7.72,7.39,92.5,1.35,90.33,Naididae,7
Neu3,10,Seca,26/02/2019,5.15068333333333,-73.9825555555556,2995,Pool,52,21.21,0.08,12.84,7.72,7.39,92.5,1.35,90.33,Glossiphoniidae,2
Neu3,10,Seca,26/02/2019,5.15068333333333,-73.9825555555556,2995,Pool,52,21.21,0.08,12.84,7.72,7.39,92.5,1.35,90.33,Simuliidae,2
Neu3,10,Seca,26/02/2019,5.15068333333333,-73.9825555555556,2995,Pool,52,21.21,0.08,12.84,7.72,7.39,92.5,1.35,90.33,Empididae,3
Neu3,10,Seca,26/02/2019,5.15068333333333,-73.9825555555556,2995,Pool,52,21.21,0.08,12.84,7.72,7.39,92.5,1.35,90.33,Sphaeriidae,2
Neu6,10,Seca,26/02/2019,5.10161944444445,-73.9623527777778,2631,Riffle,108,58.11,0.61,14.83,7.64,7.15,67.13,3.85,67,Baetidae,19
Neu6,10,Seca,26/02/2019,5.10161944444445,-73.9623527777778,2631,Riffle,108,58.11,0.61,14.83,7.64,7.15,67.13,3.85,67,Simuliidae,20
Neu6,10,Seca,26/02/2019,5.10161944444445,-73.9623527777778,2631,Riffle,108,58.11,0.61,14.83,7.64,7.15,67.13,3.85,67,Empididae,10
Neu6,10,Seca,26/02/2019,5.10161944444445,-73.9623527777778,2631,Riffle,108,58.11,0.61,14.83,7.64,7.15,67.13,3.85,67,Leptoceridae,3
Neu6,10,Seca,26/02/2019,5.10161944444445,-73.9623527777778,2631,Riffle,108,58.11,0.61,14.83,7.64,7.15,67.13,3.85,67,Glossiphoniidae,1
Neu6,10,Seca,26/02/2019,5.10161944444445,-73.9623527777778,2631,Riffle,108,58.11,0.61,14.83,7.64,7.15,67.13,3.85,67,Corixidae,2
Neu6,10,Seca,26/02/2019,5.10161944444445,-73.9623527777778,2631,Riffle,108,58.11,0.61,14.83,7.64,7.15,67.13,3.85,67,Chironomidae,7
Neu6,10,Seca,26/02/2019,5.10161944444445,-73.9623527777778,2631,Riffle,108,58.11,0.61,14.83,7.64,7.15,67.13,3.85,67,Sphaeriidae,1
Neu6,10,Seca,26/02/2019,5.10161944444445,-73.9623527777778,2631,Riffle,108,58.11,0.61,14.83,7.64,7.15,67.13,3.85,67,Hyalellidae,1
Neu7,10,Seca,26/02/2019,5.08349444444444,-73.9346777777778,2575,Glide,500,53.25,0.23,15.83,7.32,7.21,68.37,15.51,68,Naididae,8
Neu7,10,Seca,26/02/2019,5.08349444444444,-73.9346777777778,2575,Glide,500,53.25,0.23,15.83,7.32,7.21,68.37,15.51,68,Planariidae,1
Neu7,10,Seca,26/02/2019,5.08349444444444,-73.9346777777778,2575,Glide,500,53.25,0.23,15.83,7.32,7.21,68.37,15.51,68,Hydrophilidae,2
Neu7,10,Seca,26/02/2019,5.08349444444444,-73.9346777777778,2575,Glide,500,53.25,0.23,15.83,7.32,7.21,68.37,15.51,68,Leptoceridae,3
Neu7,10,Seca,26/02/2019,5.08349444444444,-73.9346777777778,2575,Glide,500,53.25,0.23,15.83,7.32,7.21,68.37,15.51,68,Glossiphoniidae,1
Neu7,10,Seca,26/02/2019,5.08349444444444,-73.9346777777778,2575,Glide,500,53.25,0.23,15.83,7.32,7.21,68.37,15.51,68,Chironomidae,3
Neu7,10,Seca,26/02/2019,5.08349444444444,-73.9346777777778,2575,Glide,500,53.25,0.23,15.83,7.32,7.21,68.37,15.51,68,Sphaeriidae,4
Neu7,10,Seca,26/02/2019,5.08349444444444,-73.9346777777778,2575,Glide,500,53.25,0.23,15.83,7.32,7.21,68.37,15.51,68,Gyrinidae,1
Neu7,10,Seca,26/02/2019,5.08349444444444,-73.9346777777778,2575,Glide,500,53.25,0.23,15.83,7.32,7.21,68.37,15.51,68,Gerridae,1
Neu1,11,Lluvia,08/05/2019,5.16080555555556,-73.9949222222222,3051,Rapid,12,24,0.58,10.7,7.69,6.99,74.26,1.72,74.33,Chironomidae,11
Neu1,11,Lluvia,08/05/2019,5.16080555555556,-73.9949222222222,3051,Rapid,12,24,0.58,10.7,7.69,6.99,74.26,1.72,74.33,Simuliidae,29
Neu1,11,Lluvia,08/05/2019,5.16080555555556,-73.9949222222222,3051,Rapid,12,24,0.58,10.7,7.69,6.99,74.26,1.72,74.33,Hydrophilidae,4
Neu1,11,Lluvia,08/05/2019,5.16080555555556,-73.9949222222222,3051,Rapid,12,24,0.58,10.7,7.69,6.99,74.26,1.72,74.33,Leptoceridae,7
Neu1,11,Lluvia,08/05/2019,5.16080555555556,-73.9949222222222,3051,Riffle,9,22,0.27,10.8,7.61,6.81,75.63,4.97,75.35,Simuliidae,42
Neu1,11,Lluvia,08/05/2019,5.16080555555556,-73.9949222222222,3051,Riffle,9,22,0.27,10.8,7.61,6.81,75.63,4.97,75.35,Hydrophilidae,1
Neu1,11,Lluvia,08/05/2019,5.16080555555556,-73.9949222222222,3051,Pool,41,47.33,0.17,10.8,7.66,6.83,74.1,1.55,74,Sphaeriidae,4
Neu1,11,Lluvia,08/05/2019,5.16080555555556,-73.9949222222222,3051,Pool,41,47.33,0.17,10.8,7.66,6.83,74.1,1.55,74,Chironomidae,17
Neu1,11,Lluvia,08/05/2019,5.16080555555556,-73.9949222222222,3051,Pool,41,47.33,0.17,10.8,7.66,6.83,74.1,1.55,74,Simuliidae,1
Neu1,11,Lluvia,08/05/2019,5.16080555555556,-73.9949222222222,3051,Pool,41,47.33,0.17,10.8,7.66,6.83,74.1,1.55,74,Tipulidae,2
Neu1,11,Lluvia,08/05/2019,5.16080555555556,-73.9949222222222,3051,Pool,41,47.33,0.17,10.8,7.66,6.83,74.1,1.55,74,Hydrophilidae,4
Neu1,11,Lluvia,08/05/2019,5.16080555555556,-73.9949222222222,3051,Pool,41,47.33,0.17,10.8,7.66,6.83,74.1,1.55,74,Leptoceridae,3
Neu1,11,Lluvia,08/05/2019,5.16080555555556,-73.9949222222222,3051,Pool,41,47.33,0.17,10.8,7.66,6.83,74.1,1.55,74,Naididae,10
Neu1,11,Lluvia,08/05/2019,5.16080555555556,-73.9949222222222,3051,Pool,41,47.33,0.17,10.8,7.66,6.83,74.1,1.55,74,Lumbricidae,2
Neu2,11,Lluvia,08/05/2019,5.16020027777778,-73.9935388888889,3042,Pool,144,56.88,0.09,10.96,7.91,6.95,81.5,5.79,81.66,Sphaeriidae,31
Neu2,11,Lluvia,08/05/2019,5.16020027777778,-73.9935388888889,3042,Pool,144,56.88,0.09,10.96,7.91,6.95,81.5,5.79,81.66,Hyalellidae,4
Neu2,11,Lluvia,08/05/2019,5.16020027777778,-73.9935388888889,3042,Pool,144,56.88,0.09,10.96,7.91,6.95,81.5,5.79,81.66,Glossiphoniidae,3
Neu2,11,Lluvia,08/05/2019,5.16020027777778,-73.9935388888889,3042,Pool,144,56.88,0.09,10.96,7.91,6.95,81.5,5.79,81.66,Planariidae,1
Neu2,11,Lluvia,08/05/2019,5.16020027777778,-73.9935388888889,3042,Pool,144,56.88,0.09,10.96,7.91,6.95,81.5,5.79,81.66,Naididae,18
Neu2,11,Lluvia,08/05/2019,5.16020027777778,-73.9935388888889,3042,Pool,144,56.88,0.09,10.96,7.91,6.95,81.5,5.79,81.66,Chironomidae,4
Neu2,11,Lluvia,08/05/2019,5.16020027777778,-73.9935388888889,3042,Riffle,263,39.71,0.19,11.4,7.82,7.22,81.4,5.41,81,Sphaeriidae,3
Neu2,11,Lluvia,08/05/2019,5.16020027777778,-73.9935388888889,3042,Riffle,263,39.71,0.19,11.4,7.82,7.22,81.4,5.41,81,Glossiphoniidae,3
Neu2,11,Lluvia,08/05/2019,5.16020027777778,-73.9935388888889,3042,Riffle,263,39.71,0.19,11.4,7.82,7.22,81.4,5.41,81,Planariidae,1
Neu2,11,Lluvia,08/05/2019,5.16020027777778,-73.9935388888889,3042,Riffle,263,39.71,0.19,11.4,7.82,7.22,81.4,5.41,81,Naididae,12
Neu2,11,Lluvia,08/05/2019,5.16020027777778,-73.9935388888889,3042,Riffle,263,39.71,0.19,11.4,7.82,7.22,81.4,5.41,81,Chironomidae,20
Neu2,11,Lluvia,08/05/2019,5.16020027777778,-73.9935388888889,3042,Riffle,263,39.71,0.19,11.4,7.82,7.22,81.4,5.41,81,Simuliidae,5
Neu2,11,Lluvia,08/05/2019,5.16020027777778,-73.9935388888889,3042,Riffle,263,39.71,0.19,11.4,7.82,7.22,81.4,5.41,81,Tipulidae,1
Neu2,11,Lluvia,08/05/2019,5.16020027777778,-73.9935388888889,3042,Riffle,263,39.71,0.19,11.4,7.82,7.22,81.4,5.41,81,Hydrophilidae,9
Neu2,11,Lluvia,08/05/2019,5.16020027777778,-73.9935388888889,3042,Riffle,263,39.71,0.19,11.4,7.82,7.22,81.4,5.41,81,Leptoceridae,1
Neu2,11,Lluvia,08/05/2019,5.16020027777778,-73.9935388888889,3042,Rapid,86,23.57,0.42,10.96,7.87,7.13,80.26,5.52,80.66,Sphaeriidae,8
Neu2,11,Lluvia,08/05/2019,5.16020027777778,-73.9935388888889,3042,Rapid,86,23.57,0.42,10.96,7.87,7.13,80.26,5.52,80.66,Hyalellidae,1
Neu2,11,Lluvia,08/05/2019,5.16020027777778,-73.9935388888889,3042,Rapid,86,23.57,0.42,10.96,7.87,7.13,80.26,5.52,80.66,Glossiphoniidae,4
Neu2,11,Lluvia,08/05/2019,5.16020027777778,-73.9935388888889,3042,Rapid,86,23.57,0.42,10.96,7.87,7.13,80.26,5.52,80.66,Planariidae,3
Neu2,11,Lluvia,08/05/2019,5.16020027777778,-73.9935388888889,3042,Rapid,86,23.57,0.42,10.96,7.87,7.13,80.26,5.52,80.66,Naididae,12
Neu2,11,Lluvia,08/05/2019,5.16020027777778,-73.9935388888889,3042,Rapid,86,23.57,0.42,10.96,7.87,7.13,80.26,5.52,80.66,Chironomidae,3
Neu2,11,Lluvia,08/05/2019,5.16020027777778,-73.9935388888889,3042,Rapid,86,23.57,0.42,10.96,7.87,7.13,80.26,5.52,80.66,Simuliidae,5
Neu2,11,Lluvia,08/05/2019,5.16020027777778,-73.9935388888889,3042,Rapid,86,23.57,0.42,10.96,7.87,7.13,80.26,5.52,80.66,Tipulidae,4
Neu2,11,Lluvia,08/05/2019,5.16020027777778,-73.9935388888889,3042,Rapid,86,23.57,0.42,10.96,7.87,7.13,80.26,5.52,80.66,Leptoceridae,4
Neu3,11,Lluvia,08/05/2019,5.15068333333333,-73.9825555555556,2995,Riffle,87,35.93,0.19,12.05,7.73,7.25,77.35,8.99,77,Hyalellidae,1
Neu3,11,Lluvia,08/05/2019,5.15068333333333,-73.9825555555556,2995,Riffle,87,35.93,0.19,12.05,7.73,7.25,77.35,8.99,77,Naididae,1
Neu3,11,Lluvia,08/05/2019,5.15068333333333,-73.9825555555556,2995,Riffle,87,35.93,0.19,12.05,7.73,7.25,77.35,8.99,77,Chironomidae,5
Neu3,11,Lluvia,08/05/2019,5.15068333333333,-73.9825555555556,2995,Riffle,87,35.93,0.19,12.05,7.73,7.25,77.35,8.99,77,Tipulidae,1
Neu3,11,Lluvia,08/05/2019,5.15068333333333,-73.9825555555556,2995,Rapid,51,32.35,0.35,12.05,7.72,7.41,77.33,9.18,77,Sphaeriidae,1
Neu3,11,Lluvia,08/05/2019,5.15068333333333,-73.9825555555556,2995,Rapid,51,32.35,0.35,12.05,7.72,7.41,77.33,9.18,77,Hyalellidae,15
Neu3,11,Lluvia,08/05/2019,5.15068333333333,-73.9825555555556,2995,Rapid,51,32.35,0.35,12.05,7.72,7.41,77.33,9.18,77,Naididae,11
Neu3,11,Lluvia,08/05/2019,5.15068333333333,-73.9825555555556,2995,Rapid,51,32.35,0.35,12.05,7.72,7.41,77.33,9.18,77,Chironomidae,2
Neu3,11,Lluvia,08/05/2019,5.15068333333333,-73.9825555555556,2995,Rapid,51,32.35,0.35,12.05,7.72,7.41,77.33,9.18,77,Tipulidae,2
Neu3,11,Lluvia,08/05/2019,5.15068333333333,-73.9825555555556,2995,Rapid,51,32.35,0.35,12.05,7.72,7.41,77.33,9.18,77,Hydroptilidae,2
Neu3,11,Lluvia,08/05/2019,5.15068333333333,-73.9825555555556,2995,Rapid,51,32.35,0.35,12.05,7.72,7.41,77.33,9.18,77,Leptoceridae,1
Neu3,11,Lluvia,08/05/2019,5.15068333333333,-73.9825555555556,2995,Pool,17,28.6,0.08,12.03,7.69,7.23,77.63,9.38,78,Hyalellidae,1
Neu3,11,Lluvia,08/05/2019,5.15068333333333,-73.9825555555556,2995,Pool,17,28.6,0.08,12.03,7.69,7.23,77.63,9.38,78,Tipulidae,1
Neu4,11,Lluvia,08/05/2019,5.12785833333333,-73.9678055555555,2893,Boulder step,135.22,62.03,0.3,15.33,7.38,7.12,67.5,3.7,67,Sphaeriidae,3
Neu4,11,Lluvia,08/05/2019,5.12785833333333,-73.9678055555555,2893,Boulder step,135.22,62.03,0.3,15.33,7.38,7.12,67.5,3.7,67,Naididae,24
Neu4,11,Lluvia,08/05/2019,5.12785833333333,-73.9678055555555,2893,Boulder step,135.22,62.03,0.3,15.33,7.38,7.12,67.5,3.7,67,Chironomidae,9
Neu4,11,Lluvia,08/05/2019,5.12785833333333,-73.9678055555555,2893,Boulder step,135.22,62.03,0.3,15.33,7.38,7.12,67.5,3.7,67,Simuliidae,1
Neu4,11,Lluvia,08/05/2019,5.12785833333333,-73.9678055555555,2893,Boulder step,135.22,62.03,0.3,15.33,7.38,7.12,67.5,3.7,67,Glossiphoniidae,1
Neu4,11,Lluvia,08/05/2019,5.12785833333333,-73.9678055555555,2893,Boulder step,135.22,62.03,0.3,15.33,7.38,7.12,67.5,3.7,67,Planariidae,1
Neu4,11,Lluvia,08/05/2019,5.12785833333333,-73.9678055555555,2893,Boulder step,135.22,62.03,0.3,15.33,7.38,7.12,67.5,3.7,67,Gerridae,5
Neu6,11,Lluvia,08/05/2019,5.10161944444445,-73.9623527777778,2575,Glide,27,41.14,0.09,14.81,7.63,7.13,67.23,4.1,67,Sphaeriidae,6
Neu6,11,Lluvia,08/05/2019,5.10161944444445,-73.9623527777778,2575,Glide,27,41.14,0.09,14.81,7.63,7.13,67.23,4.1,67,Naididae,17
Neu6,11,Lluvia,08/05/2019,5.10161944444445,-73.9623527777778,2575,Glide,27,41.14,0.09,14.81,7.63,7.13,67.23,4.1,67,Chironomidae,14
Neu6,11,Lluvia,08/05/2019,5.10161944444445,-73.9623527777778,2575,Glide,27,41.14,0.09,14.81,7.63,7.13,67.23,4.1,67,Sphaeriidae,1
Neu6,11,Lluvia,08/05/2019,5.10161944444445,-73.9623527777778,2575,Glide,27,41.14,0.09,14.81,7.63,7.13,67.23,4.1,67,Baetidae,1
Neu6,11,Lluvia,08/05/2019,5.10161944444445,-73.9623527777778,2575,Glide,27,41.14,0.09,14.81,7.63,7.13,67.23,4.1,67,Physidae,1
Neu6,11,Lluvia,08/05/2019,5.10161944444445,-73.9623527777778,2575,Glide,27,41.14,0.09,14.81,7.63,7.13,67.23,4.1,67,Leptoceridae,5
Neu6,11,Lluvia,08/05/2019,5.10161944444445,-73.9623527777778,2575,Glide,27,41.14,0.09,14.81,7.63,7.13,67.23,4.1,67,Glossiphoniidae,4
Neu7,11,Lluvia,08/05/2019,5.08349444444444,-73.9346777777778,2575,Glide,NA,NA,NA,15.9,7.2,7.15,67.37,12.79,67,Planariidae,1
Neu7,11,Lluvia,08/05/2019,5.08349444444444,-73.9346777777778,2575,Glide,NA,NA,NA,15.9,7.2,7.15,67.37,12.79,67,Gerridae,2
Neu7,11,Lluvia,08/05/2019,5.08349444444444,-73.9346777777778,2575,Glide,NA,NA,NA,15.9,7.2,7.15,67.37,12.79,67,Notonectidae,3
Neu7,11,Lluvia,08/05/2019,5.08349444444444,-73.9346777777778,2575,Glide,NA,NA,NA,15.9,7.2,7.15,67.37,12.79,67,Corixidae,12
